customer_id,collateral_id,collateral_type,collateral_value,valuation_date,asset_quality_grade,location_if_property,ownership_type,encumbrance_details,liquidity_score
CUST000001,COLL0000001,Other,931974.19,2024-04-27,A,,Joint,Lien,1.45
CUST000002,COLL0000002,Gold,441324.74,2016-09-10,C,,Single,Lien,80.05
CUST000003,COLL0000003,Shares,390235.4,2010-02-18,B,,Joint,Lien,94.57
CUST000004,COLL0000004,Vehicles,8264.59,2022-12-13,B,,Single,Pledged,60.35
CUST000005,COLL0000005,Vehicles,950577.09,2010-01-17,B,,Joint,Pledged,39.07
CUST000006,COLL0000006,Property,100687.45,2014-11-30,B,Miami,Joint,Pledged,73.46
CUST000007,COLL0000007,Property,58862.23,2021-07-03,C,Chicago,Single,None,64.99
CUST000008,COLL0000008,Shares,153293.96,2018-09-12,C,,Single,Lien,10.52
CUST000009,COLL0000009,Gold,923784.03,2014-06-20,A,,Single,Pledged,28.28
CUST000010,COLL0000010,Vehicles,887610.93,2018-05-19,B,,Joint,Pledged,66.13
CUST000011,COLL0000011,Other,558766.67,2018-12-27,B,,Single,None,88.35
CUST000012,COLL0000012,Property,266555.92,2022-12-17,C,Houston,Single,Mortgage,55.8
CUST000013,COLL0000013,Other,161130.55,2020-02-01,B,,Joint,None,15.06
CUST000014,COLL0000014,Gold,807180.94,2017-08-07,C,,Joint,None,50.09
CUST000015,COLL0000015,Vehicles,193303.16,2010-07-17,C,,Joint,None,75.78
CUST000016,COLL0000016,Property,537692.64,2024-01-15,B,Miami,Single,Lien,81.05
CUST000017,COLL0000017,Shares,750988.81,2020-10-07,B,,Joint,None,33.26
CUST000018,COLL0000018,Other,974416.44,2011-12-05,B,,Joint,Mortgage,11.18
CUST000019,COLL0000019,Shares,192265.78,2012-06-15,B,,Single,Lien,53.2
CUST000020,COLL0000020,Gold,24337.41,2013-08-11,B,,Single,Lien,57.49
CUST000021,COLL0000021,Shares,108868.08,2020-08-08,C,,Joint,None,39.33
CUST000022,COLL0000022,Property,290349.17,2015-03-27,A,Chicago,Joint,Mortgage,79.01
CUST000023,COLL0000023,Other,633913.81,2024-06-05,A,,Single,Mortgage,59.91
CUST000024,COLL0000024,Shares,75233.04,2014-06-18,B,,Joint,Lien,35.48
CUST000025,COLL0000025,Shares,692905.07,2010-10-18,D,,Joint,Pledged,19.92
CUST000026,COLL0000026,Property,258118.47,2019-08-21,A,Miami,Single,Pledged,93.5
CUST000027,COLL0000027,Shares,478681.17,2016-10-18,D,,Single,Mortgage,56.52
CUST000028,COLL0000028,Vehicles,219269.07,2017-02-03,A,,Joint,None,57.89
CUST000029,COLL0000029,Shares,255353.51,2019-12-28,D,,Joint,Pledged,18.52
CUST000030,COLL0000030,Gold,142356.38,2014-11-15,A,,Single,Pledged,43.85
CUST000031,COLL0000031,Other,174015.9,2022-08-22,C,,Joint,Mortgage,87.18
CUST000032,COLL0000032,Shares,352113.44,2023-09-19,D,,Joint,Pledged,34.65
CUST000033,COLL0000033,Property,732554.87,2023-10-06,B,Chicago,Single,None,41.8
CUST000034,COLL0000034,Shares,372868.32,2012-07-23,D,,Joint,None,83.57
CUST000035,COLL0000035,Other,733120.1,2020-09-16,A,,Joint,Pledged,27.82
CUST000036,COLL0000036,Gold,61567.0,2019-04-15,D,,Single,Mortgage,75.44
CUST000037,COLL0000037,Vehicles,166552.67,2024-04-08,D,,Single,Mortgage,87.14
CUST000038,COLL0000038,Other,167186.68,2012-02-10,A,,Single,Lien,92.05
CUST000039,COLL0000039,Shares,805583.65,2013-01-02,B,,Joint,Pledged,58.56
CUST000040,COLL0000040,Shares,575314.13,2021-07-10,C,,Single,Lien,98.1
CUST000041,COLL0000041,Other,265744.32,2015-10-28,C,,Single,Mortgage,28.59
CUST000042,COLL0000042,Gold,8106.24,2013-03-29,B,,Joint,Mortgage,1.74
CUST000043,COLL0000043,Shares,64610.73,2016-09-24,B,,Joint,Lien,69.61
CUST000044,COLL0000044,Gold,963776.45,2011-07-29,C,,Single,Mortgage,1.51
CUST000045,COLL0000045,Property,978283.73,2024-03-16,B,New York,Joint,None,11.67
CUST000046,COLL0000046,Gold,356189.04,2011-05-30,D,,Single,Mortgage,96.92
CUST000047,COLL0000047,Property,766385.34,2016-07-29,C,Chicago,Single,Mortgage,7.15
CUST000048,COLL0000048,Property,769453.46,2022-12-27,A,Chicago,Joint,Lien,70.09
CUST000049,COLL0000049,Vehicles,593514.96,2012-12-08,D,,Single,Lien,19.53
CUST000050,COLL0000050,Other,220114.21,2013-01-30,C,,Single,Pledged,42.64
CUST000051,COLL0000051,Gold,332522.21,2010-01-14,D,,Joint,Lien,46.95
CUST000052,COLL0000052,Property,817227.55,2017-03-08,A,Houston,Single,Lien,43.88
CUST000053,COLL0000053,Property,234374.14,2013-07-13,C,Miami,Joint,Pledged,90.94
CUST000054,COLL0000054,Vehicles,324423.04,2012-10-29,D,,Joint,None,69.12
CUST000055,COLL0000055,Other,675252.9,2017-01-06,C,,Joint,None,79.47
CUST000056,COLL0000056,Vehicles,983848.9,2012-06-18,A,,Single,Mortgage,65.49
CUST000057,COLL0000057,Gold,832710.77,2020-07-23,A,,Joint,None,33.19
CUST000058,COLL0000058,Other,785857.34,2012-02-29,B,,Joint,Lien,82.85
CUST000059,COLL0000059,Vehicles,715922.86,2017-10-07,B,,Joint,Lien,86.7
CUST000060,COLL0000060,Property,771661.79,2012-06-04,C,Miami,Single,Lien,12.53
CUST000061,COLL0000061,Vehicles,980588.1,2023-12-14,B,,Single,Pledged,29.22
CUST000062,COLL0000062,Vehicles,239249.89,2022-10-13,A,,Joint,Mortgage,6.82
CUST000063,COLL0000063,Shares,685718.39,2020-10-15,D,,Joint,Mortgage,45.14
CUST000064,COLL0000064,Vehicles,924912.79,2011-07-14,B,,Joint,Mortgage,57.28
CUST000065,COLL0000065,Vehicles,841323.11,2011-07-01,A,,Single,Mortgage,24.88
CUST000066,COLL0000066,Other,113256.98,2015-07-10,A,,Single,Lien,43.0
CUST000067,COLL0000067,Gold,690133.7,2024-10-02,A,,Joint,None,29.59
CUST000068,COLL0000068,Gold,67169.79,2016-12-08,C,,Single,None,75.56
CUST000069,COLL0000069,Shares,204319.31,2016-01-28,A,,Single,Lien,31.69
CUST000070,COLL0000070,Property,780968.2,2012-05-15,D,Los Angeles,Joint,Pledged,35.98
CUST000071,COLL0000071,Gold,71688.39,2014-09-11,D,,Joint,Mortgage,91.05
CUST000072,COLL0000072,Shares,875709.09,2013-08-05,C,,Joint,Mortgage,97.35
CUST000073,COLL0000073,Vehicles,147844.59,2019-08-04,C,,Single,Pledged,28.93
CUST000074,COLL0000074,Vehicles,91062.57,2017-01-08,A,,Single,Pledged,6.04
CUST000075,COLL0000075,Vehicles,335118.64,2015-09-29,C,,Joint,None,51.23
CUST000076,COLL0000076,Property,996232.06,2022-09-18,C,New York,Joint,None,90.32
CUST000077,COLL0000077,Property,327913.74,2023-12-28,D,Los Angeles,Single,Mortgage,53.19
CUST000078,COLL0000078,Other,439299.69,2024-09-28,C,,Single,Mortgage,69.97
CUST000079,COLL0000079,Property,482551.55,2010-04-13,B,Houston,Joint,Mortgage,34.42
CUST000080,COLL0000080,Property,997356.87,2019-08-27,C,New York,Joint,None,82.34
CUST000081,COLL0000081,Other,369271.91,2021-11-12,B,,Joint,Pledged,32.61
CUST000082,COLL0000082,Vehicles,470174.76,2010-03-15,A,,Single,Mortgage,50.72
CUST000083,COLL0000083,Property,7304.56,2015-07-06,B,Chicago,Single,Lien,28.14
CUST000084,COLL0000084,Shares,427048.6,2014-08-16,C,,Joint,Mortgage,77.72
CUST000085,COLL0000085,Other,967387.01,2013-06-01,C,,Single,Mortgage,90.75
CUST000086,COLL0000086,Vehicles,512592.66,2011-10-27,B,,Single,Mortgage,94.77
CUST000087,COLL0000087,Shares,53134.09,2023-08-24,B,,Joint,Pledged,40.76
CUST000088,COLL0000088,Vehicles,818967.21,2010-11-14,A,,Single,Lien,44.23
CUST000089,COLL0000089,Property,119687.19,2018-09-23,D,Chicago,Single,Mortgage,51.25
CUST000090,COLL0000090,Other,703769.04,2012-01-21,D,,Single,None,60.72
CUST000091,COLL0000091,Gold,59927.15,2010-12-26,B,,Single,None,35.38
CUST000092,COLL0000092,Other,768122.53,2020-07-02,A,,Single,None,41.17
CUST000093,COLL0000093,Property,307451.32,2012-06-17,C,Miami,Joint,Mortgage,21.48
CUST000094,COLL0000094,Gold,336799.14,2010-12-13,B,,Joint,None,11.65
CUST000095,COLL0000095,Other,164774.07,2011-05-21,C,,Single,Lien,44.4
CUST000096,COLL0000096,Vehicles,323931.4,2015-12-30,B,,Joint,None,49.04
CUST000097,COLL0000097,Shares,266234.96,2024-03-09,C,,Single,Lien,13.25
CUST000098,COLL0000098,Shares,875942.71,2017-10-31,A,,Joint,Lien,18.22
CUST000099,COLL0000099,Vehicles,48242.77,2016-01-08,A,,Single,Mortgage,5.4
CUST000100,COLL0000100,Shares,815280.24,2013-04-02,B,,Joint,Lien,4.32
CUST000101,COLL0000101,Vehicles,998107.89,2023-05-09,B,,Joint,Mortgage,86.98
CUST000102,COLL0000102,Other,134260.24,2015-07-18,B,,Single,Pledged,56.05
CUST000103,COLL0000103,Other,918847.08,2019-12-23,D,,Joint,Lien,42.24
CUST000104,COLL0000104,Property,16804.1,2010-11-07,C,Los Angeles,Single,Pledged,48.89
CUST000105,COLL0000105,Other,276801.8,2010-06-03,C,,Single,None,90.86
CUST000106,COLL0000106,Shares,828606.55,2012-04-07,A,,Joint,Lien,12.61
CUST000107,COLL0000107,Shares,775039.09,2014-01-09,B,,Joint,Pledged,5.59
CUST000108,COLL0000108,Property,405602.87,2018-06-01,B,Miami,Single,Pledged,51.14
CUST000109,COLL0000109,Other,691026.2,2011-01-09,A,,Joint,Lien,36.67
CUST000110,COLL0000110,Shares,542847.27,2016-09-09,A,,Single,Pledged,85.86
CUST000111,COLL0000111,Property,157306.38,2023-07-30,D,New York,Single,None,30.31
CUST000112,COLL0000112,Shares,378920.93,2019-02-08,B,,Joint,Pledged,89.06
CUST000113,COLL0000113,Vehicles,676832.77,2021-09-26,C,,Joint,Mortgage,78.4
CUST000114,COLL0000114,Shares,27807.6,2012-07-17,B,,Joint,None,63.31
CUST000115,COLL0000115,Vehicles,41557.2,2021-03-27,D,,Joint,Mortgage,54.33
CUST000116,COLL0000116,Shares,134407.83,2011-08-27,B,,Single,Lien,85.67
CUST000117,COLL0000117,Other,493083.97,2024-05-16,D,,Single,Pledged,55.18
CUST000118,COLL0000118,Vehicles,211954.95,2021-05-26,B,,Single,Mortgage,66.66
CUST000119,COLL0000119,Gold,848431.83,2012-06-08,A,,Single,Lien,27.83
CUST000120,COLL0000120,Gold,132947.68,2011-01-19,C,,Joint,None,26.24
CUST000121,COLL0000121,Other,744414.97,2021-01-10,B,,Joint,Mortgage,43.1
CUST000122,COLL0000122,Property,290046.07,2014-07-13,C,Miami,Joint,Mortgage,49.12
CUST000123,COLL0000123,Gold,721678.33,2023-11-08,C,,Joint,Mortgage,34.49
CUST000124,COLL0000124,Gold,609774.86,2012-09-13,C,,Joint,Mortgage,85.77
CUST000125,COLL0000125,Shares,670058.41,2013-02-16,B,,Joint,Mortgage,78.48
CUST000126,COLL0000126,Gold,850699.83,2012-01-19,A,,Single,Lien,38.14
CUST000127,COLL0000127,Shares,263138.63,2017-04-16,B,,Single,Pledged,27.81
CUST000128,COLL0000128,Gold,692262.33,2010-11-08,B,,Joint,Lien,48.85
CUST000129,COLL0000129,Vehicles,260750.8,2011-07-10,A,,Single,None,83.8
CUST000130,COLL0000130,Gold,681497.39,2021-12-11,C,,Joint,Lien,26.38
CUST000131,COLL0000131,Other,689056.8,2024-06-27,C,,Single,None,78.6
CUST000132,COLL0000132,Vehicles,149502.94,2023-10-28,D,,Joint,Pledged,62.11
CUST000133,COLL0000133,Property,739777.99,2023-08-07,D,Chicago,Joint,None,78.52
CUST000134,COLL0000134,Property,25708.94,2018-01-21,D,Los Angeles,Single,Lien,0.61
CUST000135,COLL0000135,Property,96836.22,2023-03-11,D,New York,Single,Lien,43.37
CUST000136,COLL0000136,Property,441181.13,2017-03-05,C,Houston,Single,None,9.8
CUST000137,COLL0000137,Gold,622892.0,2013-09-21,B,,Joint,Mortgage,8.45
CUST000138,COLL0000138,Vehicles,313794.61,2016-05-26,C,,Joint,Pledged,14.17
CUST000139,COLL0000139,Other,144926.32,2023-01-16,C,,Single,Lien,8.92
CUST000140,COLL0000140,Shares,118412.18,2018-12-10,A,,Single,None,7.51
CUST000141,COLL0000141,Other,849367.4,2018-01-03,C,,Single,Pledged,52.82
CUST000142,COLL0000142,Property,313069.09,2024-03-26,C,Chicago,Single,None,72.74
CUST000143,COLL0000143,Vehicles,501695.09,2015-10-10,C,,Joint,Mortgage,75.54
CUST000144,COLL0000144,Vehicles,201536.32,2012-07-17,C,,Single,Pledged,80.85
CUST000145,COLL0000145,Gold,848298.45,2011-04-17,D,,Single,Lien,7.71
CUST000146,COLL0000146,Shares,623603.81,2022-01-20,A,,Single,Lien,45.96
CUST000147,COLL0000147,Property,485825.03,2011-04-22,D,Los Angeles,Single,None,3.8
CUST000148,COLL0000148,Property,193784.95,2014-11-29,B,Chicago,Joint,None,71.23
CUST000149,COLL0000149,Shares,962450.56,2014-02-14,C,,Single,Lien,59.34
CUST000150,COLL0000150,Other,547180.89,2020-11-25,B,,Joint,Pledged,56.99
CUST000151,COLL0000151,Gold,110570.75,2016-11-21,C,,Single,None,10.2
CUST000152,COLL0000152,Gold,797945.4,2022-07-07,B,,Single,None,90.1
CUST000153,COLL0000153,Property,738335.39,2023-03-30,B,Miami,Single,None,76.1
CUST000154,COLL0000154,Gold,953899.88,2024-01-11,B,,Single,Mortgage,18.8
CUST000155,COLL0000155,Vehicles,970602.94,2010-10-13,C,,Single,None,71.33
CUST000156,COLL0000156,Property,546113.49,2021-02-15,D,New York,Single,Lien,43.97
CUST000157,COLL0000157,Shares,620195.12,2017-12-26,B,,Single,Lien,23.52
CUST000158,COLL0000158,Gold,227982.43,2019-11-07,D,,Single,Lien,95.93
CUST000159,COLL0000159,Shares,16962.88,2013-05-02,C,,Single,Mortgage,97.6
CUST000160,COLL0000160,Gold,697752.01,2012-06-04,C,,Single,Pledged,33.48
CUST000161,COLL0000161,Gold,646816.36,2023-09-21,A,,Joint,Mortgage,30.04
CUST000162,COLL0000162,Property,921132.96,2010-09-22,A,New York,Single,Mortgage,86.05
CUST000163,COLL0000163,Property,80317.72,2023-11-28,C,Houston,Joint,Pledged,37.5
CUST000164,COLL0000164,Property,621986.48,2016-12-26,B,Los Angeles,Joint,Mortgage,91.86
CUST000165,COLL0000165,Gold,153420.2,2014-08-04,C,,Joint,None,53.73
CUST000166,COLL0000166,Other,284666.53,2016-02-27,D,,Single,Mortgage,12.06
CUST000167,COLL0000167,Vehicles,929750.61,2016-01-31,D,,Joint,None,83.45
CUST000168,COLL0000168,Shares,944853.32,2020-06-09,B,,Joint,Mortgage,78.55
CUST000169,COLL0000169,Other,382102.57,2019-09-06,A,,Single,Pledged,74.56
CUST000170,COLL0000170,Other,212004.19,2014-01-24,B,,Joint,Mortgage,75.42
CUST000171,COLL0000171,Other,765401.66,2013-04-08,D,,Single,None,20.65
CUST000172,COLL0000172,Property,769037.54,2024-03-24,C,Los Angeles,Single,Pledged,12.55
CUST000173,COLL0000173,Gold,845811.82,2024-01-22,B,,Joint,Lien,17.85
CUST000174,COLL0000174,Gold,599387.11,2014-10-25,D,,Single,Lien,77.59
CUST000175,COLL0000175,Other,780554.45,2017-08-24,A,,Joint,Lien,81.82
CUST000176,COLL0000176,Shares,675570.48,2010-07-09,B,,Single,Pledged,88.42
CUST000177,COLL0000177,Other,365718.97,2021-01-18,D,,Joint,Pledged,73.63
CUST000178,COLL0000178,Other,515505.3,2017-08-22,D,,Single,None,71.25
CUST000179,COLL0000179,Other,898299.29,2020-03-13,B,,Single,Lien,39.14
CUST000180,COLL0000180,Other,948028.94,2014-06-12,A,,Single,Pledged,84.49
CUST000181,COLL0000181,Vehicles,741313.35,2023-01-07,C,,Single,None,79.03
CUST000182,COLL0000182,Other,976486.49,2018-11-01,B,,Joint,Lien,45.13
CUST000183,COLL0000183,Other,892362.11,2023-05-19,C,,Joint,Mortgage,37.83
CUST000184,COLL0000184,Property,620571.12,2013-08-15,D,Chicago,Single,Pledged,95.65
CUST000185,COLL0000185,Other,616353.29,2024-12-24,B,,Single,None,21.38
CUST000186,COLL0000186,Vehicles,320308.45,2023-02-25,A,,Joint,None,18.47
CUST000187,COLL0000187,Other,56336.19,2020-01-25,B,,Joint,Lien,90.66
CUST000188,COLL0000188,Property,339886.49,2019-12-03,A,Houston,Joint,Lien,86.56
CUST000189,COLL0000189,Gold,841129.0,2017-02-28,B,,Single,Mortgage,63.97
CUST000190,COLL0000190,Gold,902183.14,2011-12-20,D,,Joint,Pledged,76.65
CUST000191,COLL0000191,Vehicles,739297.8,2024-10-22,D,,Single,None,53.59
CUST000192,COLL0000192,Other,689625.42,2018-06-16,B,,Single,Lien,25.66
CUST000193,COLL0000193,Property,483981.42,2012-05-04,A,Chicago,Single,Pledged,81.65
CUST000194,COLL0000194,Shares,941179.23,2012-12-24,D,,Single,Pledged,82.78
CUST000195,COLL0000195,Other,200247.52,2018-05-17,B,,Joint,Lien,71.97
CUST000196,COLL0000196,Gold,579882.52,2014-03-19,B,,Single,Lien,77.81
CUST000197,COLL0000197,Other,664513.05,2015-12-29,A,,Joint,Mortgage,58.75
CUST000198,COLL0000198,Shares,372347.49,2018-06-15,A,,Joint,Mortgage,3.56
CUST000199,COLL0000199,Gold,483759.99,2010-02-20,A,,Single,None,7.8
CUST000200,COLL0000200,Shares,298303.55,2016-07-18,D,,Joint,None,23.13
CUST000201,COLL0000201,Gold,425784.93,2023-04-18,C,,Joint,None,69.33
CUST000202,COLL0000202,Property,854182.83,2020-04-15,A,Houston,Single,Mortgage,57.65
CUST000203,COLL0000203,Property,201812.53,2015-08-20,C,Houston,Single,Pledged,14.72
CUST000204,COLL0000204,Other,368241.16,2020-01-29,B,,Joint,Mortgage,35.57
CUST000205,COLL0000205,Gold,901024.96,2015-07-23,A,,Single,None,96.57
CUST000206,COLL0000206,Other,811595.54,2023-09-14,C,,Single,Lien,70.32
CUST000207,COLL0000207,Shares,649581.1,2010-03-10,C,,Single,None,32.18
CUST000208,COLL0000208,Gold,249807.56,2021-08-13,A,,Joint,Lien,4.39
CUST000209,COLL0000209,Vehicles,591692.1,2014-09-10,B,,Joint,Lien,74.72
CUST000210,COLL0000210,Property,14132.59,2011-09-29,D,Chicago,Joint,Pledged,1.8
CUST000211,COLL0000211,Vehicles,537835.54,2015-05-17,D,,Joint,Lien,15.27
CUST000212,COLL0000212,Property,69784.71,2024-12-20,D,Chicago,Joint,Pledged,65.24
CUST000213,COLL0000213,Other,58632.34,2018-03-19,B,,Joint,Lien,58.52
CUST000214,COLL0000214,Shares,327647.06,2014-04-25,D,,Single,Lien,40.04
CUST000215,COLL0000215,Property,944941.31,2019-06-08,A,Chicago,Single,Mortgage,42.19
CUST000216,COLL0000216,Property,633360.42,2015-04-05,A,Houston,Joint,Mortgage,17.4
CUST000217,COLL0000217,Gold,642876.95,2013-11-20,A,,Joint,Lien,17.67
CUST000218,COLL0000218,Vehicles,421333.92,2015-09-05,B,,Single,Pledged,98.13
CUST000219,COLL0000219,Property,549709.2,2011-04-12,B,Miami,Joint,Mortgage,82.76
CUST000220,COLL0000220,Gold,42958.7,2021-09-13,B,,Single,Lien,94.59
CUST000221,COLL0000221,Vehicles,98520.26,2010-06-04,B,,Single,Mortgage,32.98
CUST000222,COLL0000222,Vehicles,791384.18,2017-04-15,D,,Joint,Pledged,79.83
CUST000223,COLL0000223,Shares,70937.23,2020-09-12,B,,Joint,None,42.3
CUST000224,COLL0000224,Other,783784.9,2023-03-18,D,,Single,Lien,10.37
CUST000225,COLL0000225,Gold,136035.89,2017-04-30,D,,Joint,Mortgage,90.75
CUST000226,COLL0000226,Gold,6451.07,2010-11-20,D,,Single,Mortgage,20.74
CUST000227,COLL0000227,Other,501035.62,2010-01-17,D,,Joint,Mortgage,64.71
CUST000228,COLL0000228,Vehicles,673560.03,2014-10-01,D,,Joint,Lien,46.14
CUST000229,COLL0000229,Other,857199.9,2018-09-04,B,,Joint,Pledged,82.91
CUST000230,COLL0000230,Shares,649337.93,2017-07-18,A,,Single,None,17.77
CUST000231,COLL0000231,Other,553308.39,2016-01-13,A,,Joint,Lien,13.98
CUST000232,COLL0000232,Gold,383387.11,2014-05-17,D,,Single,Lien,49.81
CUST000233,COLL0000233,Property,280198.2,2017-03-21,A,Los Angeles,Single,None,46.86
CUST000234,COLL0000234,Vehicles,317533.65,2019-01-11,B,,Single,Mortgage,37.97
CUST000235,COLL0000235,Other,799639.14,2020-06-15,D,,Joint,Lien,1.92
CUST000236,COLL0000236,Other,719283.13,2013-05-13,D,,Joint,None,71.71
CUST000237,COLL0000237,Vehicles,126134.94,2016-10-24,C,,Single,Mortgage,96.52
CUST000238,COLL0000238,Vehicles,940588.96,2020-04-07,B,,Single,None,10.1
CUST000239,COLL0000239,Property,903259.74,2016-06-24,D,Los Angeles,Joint,None,80.44
CUST000240,COLL0000240,Other,101078.51,2019-03-15,C,,Joint,Lien,21.43
CUST000241,COLL0000241,Gold,939887.45,2018-04-16,C,,Joint,None,5.7
CUST000242,COLL0000242,Vehicles,359561.61,2019-10-09,C,,Joint,Mortgage,44.14
CUST000243,COLL0000243,Shares,473164.86,2012-03-31,B,,Single,Lien,42.04
CUST000244,COLL0000244,Vehicles,993416.22,2010-08-04,C,,Joint,Mortgage,50.32
CUST000245,COLL0000245,Shares,492201.64,2015-10-11,B,,Joint,Lien,1.81
CUST000246,COLL0000246,Property,157469.27,2012-07-04,D,Chicago,Joint,None,35.1
CUST000247,COLL0000247,Shares,287110.93,2021-11-06,B,,Joint,Mortgage,81.46
CUST000248,COLL0000248,Other,629615.34,2024-04-01,C,,Joint,Lien,30.91
CUST000249,COLL0000249,Property,678116.1,2022-06-27,D,Miami,Single,None,37.38
CUST000250,COLL0000250,Shares,669913.66,2017-07-30,D,,Joint,None,4.71
CUST000251,COLL0000251,Other,964594.71,2010-07-15,B,,Single,Mortgage,94.04
CUST000252,COLL0000252,Shares,52291.0,2018-07-21,D,,Joint,None,70.61
CUST000253,COLL0000253,Property,927195.56,2014-01-17,C,Houston,Joint,Lien,83.58
CUST000254,COLL0000254,Gold,291793.39,2011-01-12,C,,Single,None,13.29
CUST000255,COLL0000255,Other,43958.57,2015-12-26,A,,Joint,Pledged,57.72
CUST000256,COLL0000256,Gold,449480.64,2017-10-30,D,,Joint,None,64.33
CUST000257,COLL0000257,Gold,542858.51,2024-04-09,D,,Single,Pledged,81.35
CUST000258,COLL0000258,Shares,370600.38,2016-09-03,A,,Single,Mortgage,66.71
CUST000259,COLL0000259,Vehicles,965819.83,2022-12-26,B,,Single,Pledged,71.29
CUST000260,COLL0000260,Property,663480.32,2022-09-11,A,New York,Single,None,24.88
CUST000261,COLL0000261,Other,924652.89,2022-06-30,B,,Single,Mortgage,48.87
CUST000262,COLL0000262,Shares,414933.91,2024-08-22,D,,Single,Mortgage,88.68
CUST000263,COLL0000263,Other,441503.17,2021-12-18,B,,Joint,Pledged,29.89
CUST000264,COLL0000264,Gold,462729.1,2018-10-22,C,,Joint,Pledged,83.24
CUST000265,COLL0000265,Gold,973949.33,2017-08-18,A,,Single,None,12.4
CUST000266,COLL0000266,Property,138177.7,2016-10-29,D,Houston,Single,Lien,30.31
CUST000267,COLL0000267,Other,353863.39,2022-10-27,B,,Joint,Lien,74.86
CUST000268,COLL0000268,Other,875444.2,2011-07-12,B,,Single,Lien,44.02
CUST000269,COLL0000269,Property,760868.07,2016-08-07,B,Chicago,Single,Mortgage,27.28
CUST000270,COLL0000270,Gold,340645.61,2019-04-16,C,,Single,Mortgage,50.08
CUST000271,COLL0000271,Other,285693.96,2014-09-19,D,,Joint,Lien,58.44
CUST000272,COLL0000272,Vehicles,111564.36,2015-10-11,D,,Single,None,25.43
CUST000273,COLL0000273,Property,575015.43,2023-06-03,D,Los Angeles,Single,None,96.95
CUST000274,COLL0000274,Other,516976.32,2017-09-12,C,,Joint,Mortgage,43.1
CUST000275,COLL0000275,Shares,751046.71,2017-05-16,B,,Joint,Pledged,67.87
CUST000276,COLL0000276,Property,629418.85,2023-12-10,A,Los Angeles,Joint,None,25.34
CUST000277,COLL0000277,Vehicles,764366.65,2021-03-22,C,,Single,Lien,42.73
CUST000278,COLL0000278,Gold,599197.73,2022-12-28,C,,Joint,Mortgage,21.49
CUST000279,COLL0000279,Other,646008.77,2012-10-24,C,,Joint,Pledged,68.51
CUST000280,COLL0000280,Gold,276343.64,2024-01-21,B,,Joint,None,24.34
CUST000281,COLL0000281,Vehicles,817363.61,2017-06-03,A,,Single,Mortgage,11.88
CUST000282,COLL0000282,Gold,687848.67,2018-02-11,D,,Joint,Lien,67.47
CUST000283,COLL0000283,Other,588426.35,2011-03-07,A,,Single,Mortgage,29.59
CUST000284,COLL0000284,Vehicles,34345.09,2010-10-04,D,,Single,Mortgage,33.77
CUST000285,COLL0000285,Other,415158.36,2010-04-02,D,,Single,Lien,82.3
CUST000286,COLL0000286,Vehicles,450566.95,2022-08-30,B,,Single,None,47.57
CUST000287,COLL0000287,Gold,456899.43,2014-08-20,C,,Joint,None,56.46
CUST000288,COLL0000288,Vehicles,219663.96,2012-04-27,A,,Joint,Pledged,61.72
CUST000289,COLL0000289,Property,516226.47,2022-11-19,D,New York,Single,Pledged,43.71
CUST000290,COLL0000290,Property,344701.87,2024-06-05,D,Chicago,Joint,Mortgage,47.33
CUST000291,COLL0000291,Gold,845190.9,2016-10-22,C,,Joint,Lien,87.51
CUST000292,COLL0000292,Property,784284.57,2018-06-09,D,Chicago,Joint,Pledged,97.52
CUST000293,COLL0000293,Property,34703.38,2023-11-10,A,Houston,Single,Pledged,93.59
CUST000294,COLL0000294,Gold,134746.24,2018-05-05,D,,Joint,Pledged,20.49
CUST000295,COLL0000295,Gold,577701.29,2014-12-29,A,,Joint,Lien,95.47
CUST000296,COLL0000296,Other,180560.72,2013-04-17,C,,Joint,Pledged,78.91
CUST000297,COLL0000297,Other,260348.78,2013-10-04,B,,Joint,Mortgage,5.67
CUST000298,COLL0000298,Vehicles,207516.19,2011-03-31,C,,Joint,Lien,93.46
CUST000299,COLL0000299,Other,819861.75,2011-02-23,C,,Single,Pledged,69.66
CUST000300,COLL0000300,Property,113249.81,2017-04-28,A,New York,Single,None,2.13
CUST000301,COLL0000301,Other,901336.52,2024-11-30,C,,Single,Pledged,41.74
CUST000302,COLL0000302,Shares,305943.66,2013-04-28,D,,Single,Mortgage,79.83
CUST000303,COLL0000303,Vehicles,347456.12,2019-02-02,B,,Single,Mortgage,82.07
CUST000304,COLL0000304,Other,6787.62,2012-11-19,D,,Single,Lien,32.35
CUST000305,COLL0000305,Vehicles,355806.07,2015-05-21,D,,Joint,Mortgage,14.8
CUST000306,COLL0000306,Other,385365.74,2023-01-05,A,,Joint,Lien,28.36
CUST000307,COLL0000307,Shares,596285.0,2014-07-15,C,,Joint,Mortgage,36.61
CUST000308,COLL0000308,Shares,114682.33,2010-12-03,C,,Joint,Pledged,53.97
CUST000309,COLL0000309,Vehicles,198076.4,2013-03-27,D,,Single,Pledged,0.0
CUST000310,COLL0000310,Gold,6121.56,2013-07-09,A,,Joint,Lien,76.4
CUST000311,COLL0000311,Other,885087.56,2011-03-10,D,,Single,Pledged,90.91
CUST000312,COLL0000312,Gold,539731.77,2014-07-07,B,,Single,None,16.71
CUST000313,COLL0000313,Other,498828.0,2018-03-06,D,,Joint,Lien,74.06
CUST000314,COLL0000314,Vehicles,231865.75,2020-01-05,B,,Single,Lien,83.35
CUST000315,COLL0000315,Shares,810058.35,2022-02-19,A,,Single,Mortgage,86.41
CUST000316,COLL0000316,Gold,199581.73,2023-09-22,C,,Single,Lien,18.35
CUST000317,COLL0000317,Vehicles,239064.86,2015-11-28,C,,Joint,Lien,42.96
CUST000318,COLL0000318,Property,448037.68,2022-09-28,C,Chicago,Joint,Lien,50.74
CUST000319,COLL0000319,Vehicles,5531.21,2010-11-26,B,,Single,Lien,11.92
CUST000320,COLL0000320,Gold,258085.6,2024-05-27,A,,Joint,Mortgage,61.05
CUST000321,COLL0000321,Gold,802579.51,2016-02-25,D,,Single,Lien,5.5
CUST000322,COLL0000322,Vehicles,717915.27,2020-12-08,C,,Single,Pledged,87.7
CUST000323,COLL0000323,Vehicles,39238.44,2016-12-28,C,,Joint,Mortgage,7.85
CUST000324,COLL0000324,Vehicles,601097.27,2011-12-28,D,,Joint,None,88.53
CUST000325,COLL0000325,Vehicles,244078.92,2016-08-15,C,,Single,Lien,24.87
CUST000326,COLL0000326,Other,337005.02,2018-03-29,C,,Single,Pledged,68.59
CUST000327,COLL0000327,Other,724347.66,2013-05-10,D,,Single,None,14.19
CUST000328,COLL0000328,Property,97032.87,2020-09-05,C,New York,Single,None,70.45
CUST000329,COLL0000329,Vehicles,269201.06,2024-10-28,B,,Single,Mortgage,3.15
CUST000330,COLL0000330,Shares,678642.16,2021-02-17,A,,Single,None,57.09
CUST000331,COLL0000331,Property,939401.81,2018-03-07,C,Los Angeles,Single,None,7.15
CUST000332,COLL0000332,Gold,874000.19,2013-04-09,D,,Single,Pledged,64.52
CUST000333,COLL0000333,Vehicles,89584.76,2011-10-04,D,,Single,Pledged,79.61
CUST000334,COLL0000334,Other,461898.96,2013-11-20,D,,Single,Lien,70.47
CUST000335,COLL0000335,Shares,54759.01,2021-10-09,D,,Joint,Mortgage,10.16
CUST000336,COLL0000336,Vehicles,292441.72,2018-06-26,C,,Joint,None,26.01
CUST000337,COLL0000337,Gold,953723.35,2022-01-27,C,,Single,Pledged,88.08
CUST000338,COLL0000338,Other,322087.69,2013-12-25,C,,Single,Mortgage,44.41
CUST000339,COLL0000339,Vehicles,655474.86,2019-07-29,C,,Single,Mortgage,97.4
CUST000340,COLL0000340,Other,732554.97,2022-04-22,A,,Joint,None,28.86
CUST000341,COLL0000341,Other,100426.13,2019-05-22,A,,Joint,Lien,31.35
CUST000342,COLL0000342,Other,91769.61,2023-12-09,C,,Joint,Mortgage,81.29
CUST000343,COLL0000343,Gold,548601.65,2015-07-09,D,,Single,Pledged,25.82
CUST000344,COLL0000344,Property,765478.35,2022-09-03,D,New York,Joint,Lien,84.11
CUST000345,COLL0000345,Shares,251295.18,2024-09-02,C,,Single,Lien,17.9
CUST000346,COLL0000346,Shares,810966.51,2022-05-30,C,,Joint,None,64.08
CUST000347,COLL0000347,Shares,77976.38,2019-09-01,A,,Joint,Mortgage,72.57
CUST000348,COLL0000348,Property,622704.93,2022-08-09,A,Houston,Single,Lien,40.77
CUST000349,COLL0000349,Other,964013.95,2017-12-13,C,,Joint,Mortgage,0.67
CUST000350,COLL0000350,Other,289732.63,2023-09-04,A,,Single,None,81.15
CUST000351,COLL0000351,Other,850073.89,2014-03-16,C,,Joint,Mortgage,96.83
CUST000352,COLL0000352,Other,198442.84,2012-10-11,A,,Single,Mortgage,23.26
CUST000353,COLL0000353,Shares,313519.37,2018-11-28,B,,Joint,Lien,79.54
CUST000354,COLL0000354,Property,376131.3,2022-03-21,D,Houston,Joint,Pledged,97.8
CUST000355,COLL0000355,Other,598444.04,2022-03-22,A,,Joint,Pledged,46.44
CUST000356,COLL0000356,Property,948873.14,2022-05-19,C,Chicago,Single,Pledged,9.06
CUST000357,COLL0000357,Other,706725.46,2014-07-14,A,,Joint,None,61.42
CUST000358,COLL0000358,Other,290449.2,2014-02-04,C,,Joint,Pledged,5.51
CUST000359,COLL0000359,Gold,238240.01,2019-02-20,C,,Single,Lien,13.57
CUST000360,COLL0000360,Other,17431.79,2019-03-26,C,,Single,Pledged,72.03
CUST000361,COLL0000361,Shares,305635.18,2020-10-06,B,,Single,Lien,36.49
CUST000362,COLL0000362,Property,143403.71,2019-12-26,A,Miami,Single,None,60.32
CUST000363,COLL0000363,Shares,407531.25,2022-07-22,B,,Joint,Lien,43.95
CUST000364,COLL0000364,Gold,904392.08,2014-02-17,A,,Joint,None,42.15
CUST000365,COLL0000365,Gold,831432.98,2024-05-29,C,,Single,Mortgage,85.39
CUST000366,COLL0000366,Shares,122035.52,2013-10-11,B,,Joint,Lien,77.77
CUST000367,COLL0000367,Gold,20290.76,2022-05-29,A,,Single,Lien,46.08
CUST000368,COLL0000368,Gold,981407.11,2011-07-31,B,,Joint,Pledged,31.17
CUST000369,COLL0000369,Vehicles,432797.16,2010-06-19,A,,Joint,Mortgage,52.41
CUST000370,COLL0000370,Gold,921019.47,2010-03-01,D,,Single,Lien,1.34
CUST000371,COLL0000371,Gold,601053.11,2024-03-25,B,,Joint,Lien,15.54
CUST000372,COLL0000372,Vehicles,340370.1,2023-12-04,D,,Joint,Lien,84.86
CUST000373,COLL0000373,Gold,257971.59,2020-11-01,D,,Joint,None,21.62
CUST000374,COLL0000374,Vehicles,453521.41,2010-11-12,C,,Joint,Mortgage,87.27
CUST000375,COLL0000375,Property,683406.99,2013-10-31,D,New York,Single,Lien,27.02
CUST000376,COLL0000376,Shares,295721.31,2015-11-24,D,,Single,Pledged,59.49
CUST000377,COLL0000377,Other,137826.56,2017-07-26,D,,Single,Pledged,15.03
CUST000378,COLL0000378,Property,100718.35,2021-12-20,D,Chicago,Single,Mortgage,53.14
CUST000379,COLL0000379,Shares,384557.94,2012-08-08,A,,Single,Mortgage,87.77
CUST000380,COLL0000380,Gold,51933.48,2022-11-11,C,,Single,Lien,62.62
CUST000381,COLL0000381,Vehicles,726872.89,2022-12-26,A,,Joint,Pledged,64.92
CUST000382,COLL0000382,Gold,898727.17,2022-11-29,A,,Single,Pledged,74.51
CUST000383,COLL0000383,Shares,899776.57,2023-07-22,C,,Single,Lien,0.83
CUST000384,COLL0000384,Property,892693.02,2020-06-15,D,New York,Joint,Lien,34.21
CUST000385,COLL0000385,Property,369874.76,2019-11-12,D,Miami,Joint,Lien,84.11
CUST000386,COLL0000386,Property,237815.89,2020-10-30,A,Houston,Joint,Mortgage,39.38
CUST000387,COLL0000387,Gold,831199.06,2014-11-11,C,,Single,None,23.27
CUST000388,COLL0000388,Vehicles,884774.48,2023-11-25,D,,Joint,Lien,10.09
CUST000389,COLL0000389,Shares,550599.1,2012-04-07,A,,Single,Lien,8.5
CUST000390,COLL0000390,Other,441557.16,2013-10-17,D,,Single,None,50.76
CUST000391,COLL0000391,Vehicles,440878.08,2018-05-19,A,,Joint,None,20.36
CUST000392,COLL0000392,Property,158744.22,2017-02-15,B,New York,Joint,None,30.43
CUST000393,COLL0000393,Property,266197.99,2021-06-21,C,Miami,Joint,None,72.77
CUST000394,COLL0000394,Other,156154.95,2012-03-15,C,,Single,Lien,6.91
CUST000395,COLL0000395,Other,605751.67,2023-06-21,C,,Joint,Pledged,89.98
CUST000396,COLL0000396,Shares,178586.88,2022-08-06,C,,Single,Mortgage,34.45
CUST000397,COLL0000397,Property,932678.13,2019-04-27,B,New York,Single,None,2.72
CUST000398,COLL0000398,Vehicles,994166.25,2021-10-06,A,,Joint,None,16.32
CUST000399,COLL0000399,Shares,991597.2,2016-11-01,B,,Joint,Pledged,37.85
CUST000400,COLL0000400,Vehicles,460411.35,2022-04-07,D,,Single,Lien,29.23
CUST000401,COLL0000401,Property,10933.13,2012-05-23,A,Houston,Single,None,74.14
CUST000402,COLL0000402,Vehicles,201414.3,2023-06-14,B,,Joint,Pledged,15.99
CUST000403,COLL0000403,Other,326274.83,2017-02-08,A,,Single,Mortgage,43.63
CUST000404,COLL0000404,Vehicles,723657.28,2016-12-24,D,,Single,None,28.14
CUST000405,COLL0000405,Other,477974.22,2015-05-09,C,,Joint,Pledged,87.31
CUST000406,COLL0000406,Shares,229528.79,2023-07-02,D,,Joint,None,96.3
CUST000407,COLL0000407,Shares,774997.95,2010-04-21,D,,Single,None,11.49
CUST000408,COLL0000408,Other,256596.16,2013-04-06,D,,Single,Lien,56.68
CUST000409,COLL0000409,Vehicles,445966.14,2023-05-24,C,,Joint,Lien,61.98
CUST000410,COLL0000410,Gold,648062.59,2012-04-24,D,,Joint,Mortgage,72.34
CUST000411,COLL0000411,Shares,372109.04,2018-01-22,D,,Joint,Mortgage,95.76
CUST000412,COLL0000412,Vehicles,912271.64,2020-04-08,B,,Joint,Pledged,28.6
CUST000413,COLL0000413,Gold,680740.53,2018-07-10,B,,Single,None,74.99
CUST000414,COLL0000414,Other,128213.84,2016-06-15,D,,Single,Mortgage,37.55
CUST000415,COLL0000415,Gold,65388.02,2022-04-29,D,,Joint,None,62.62
CUST000416,COLL0000416,Other,764516.71,2020-10-06,B,,Single,None,71.15
CUST000417,COLL0000417,Vehicles,135103.57,2016-08-14,C,,Joint,None,2.66
CUST000418,COLL0000418,Vehicles,541575.32,2024-04-25,D,,Single,Pledged,0.75
CUST000419,COLL0000419,Property,146382.95,2011-07-22,C,New York,Single,Lien,4.48
CUST000420,COLL0000420,Property,662017.5,2011-03-06,C,Chicago,Joint,Mortgage,64.72
CUST000421,COLL0000421,Other,223986.15,2015-03-28,A,,Single,Lien,43.32
CUST000422,COLL0000422,Property,987394.16,2021-04-18,D,Miami,Single,Mortgage,97.45
CUST000423,COLL0000423,Gold,273140.48,2017-02-08,B,,Joint,None,14.83
CUST000424,COLL0000424,Vehicles,835033.88,2017-10-16,C,,Joint,Pledged,40.31
CUST000425,COLL0000425,Gold,266985.32,2013-05-13,D,,Single,Lien,60.43
CUST000426,COLL0000426,Other,682288.31,2013-12-14,B,,Single,Mortgage,18.72
CUST000427,COLL0000427,Shares,850380.54,2010-05-22,C,,Joint,None,2.74
CUST000428,COLL0000428,Property,747629.16,2016-03-09,D,Houston,Single,None,14.2
CUST000429,COLL0000429,Property,44935.73,2021-12-09,C,New York,Joint,Pledged,60.87
CUST000430,COLL0000430,Other,139943.86,2023-09-04,B,,Joint,Mortgage,88.17
CUST000431,COLL0000431,Gold,743685.57,2020-11-14,B,,Single,None,62.26
CUST000432,COLL0000432,Property,476237.98,2012-03-22,C,Los Angeles,Joint,Lien,71.55
CUST000433,COLL0000433,Gold,119206.83,2014-05-13,C,,Joint,None,87.27
CUST000434,COLL0000434,Property,22820.23,2019-09-17,A,Houston,Single,Pledged,95.37
CUST000435,COLL0000435,Gold,368390.25,2020-09-19,C,,Joint,Pledged,57.44
CUST000436,COLL0000436,Gold,639558.42,2024-03-17,A,,Single,None,56.78
CUST000437,COLL0000437,Vehicles,334967.19,2024-09-25,D,,Single,None,41.82
CUST000438,COLL0000438,Gold,56474.81,2021-04-08,A,,Single,Mortgage,12.69
CUST000439,COLL0000439,Gold,438938.63,2010-09-30,C,,Single,Lien,24.16
CUST000440,COLL0000440,Vehicles,869111.75,2019-07-03,D,,Single,Pledged,96.88
CUST000441,COLL0000441,Vehicles,222709.53,2016-01-12,B,,Single,Lien,89.73
CUST000442,COLL0000442,Other,847177.16,2022-02-11,C,,Single,Pledged,9.23
CUST000443,COLL0000443,Shares,994571.92,2018-08-28,A,,Single,None,32.19
CUST000444,COLL0000444,Gold,70941.56,2023-04-13,C,,Joint,None,38.57
CUST000445,COLL0000445,Property,180854.82,2015-04-17,D,Chicago,Single,Lien,57.34
CUST000446,COLL0000446,Shares,398339.4,2022-03-08,C,,Joint,Pledged,37.47
CUST000447,COLL0000447,Vehicles,847279.2,2013-06-15,C,,Joint,Mortgage,15.38
CUST000448,COLL0000448,Property,309849.09,2016-04-11,D,Los Angeles,Single,Lien,35.42
CUST000449,COLL0000449,Other,389792.71,2015-05-06,B,,Joint,Mortgage,56.83
CUST000450,COLL0000450,Property,249047.28,2011-01-04,D,Houston,Single,Pledged,79.16
CUST000451,COLL0000451,Other,452802.37,2017-01-24,D,,Single,Mortgage,1.43
CUST000452,COLL0000452,Shares,911915.57,2011-06-20,B,,Single,Pledged,21.35
CUST000453,COLL0000453,Shares,690215.18,2010-12-31,C,,Joint,None,40.16
CUST000454,COLL0000454,Other,697863.44,2022-05-01,B,,Single,Pledged,41.3
CUST000455,COLL0000455,Gold,521268.85,2014-01-09,C,,Joint,Lien,79.05
CUST000456,COLL0000456,Shares,523458.05,2016-02-09,C,,Single,Pledged,78.17
CUST000457,COLL0000457,Property,716388.74,2019-01-05,D,Houston,Single,None,64.57
CUST000458,COLL0000458,Vehicles,185120.78,2011-02-01,B,,Single,None,83.72
CUST000459,COLL0000459,Other,544901.99,2011-10-27,D,,Single,None,43.77
CUST000460,COLL0000460,Other,251732.81,2013-03-15,B,,Joint,Pledged,25.7
CUST000461,COLL0000461,Property,364676.05,2017-06-26,A,Houston,Single,Mortgage,9.87
CUST000462,COLL0000462,Other,753762.67,2019-07-04,A,,Single,None,77.67
CUST000463,COLL0000463,Shares,229467.38,2014-12-22,C,,Joint,None,21.02
CUST000464,COLL0000464,Shares,429170.29,2017-06-25,C,,Single,Lien,84.05
CUST000465,COLL0000465,Other,120517.17,2017-06-21,B,,Single,Mortgage,30.64
CUST000466,COLL0000466,Vehicles,130723.82,2018-07-20,D,,Single,None,21.26
CUST000467,COLL0000467,Shares,276824.56,2011-10-23,A,,Single,Pledged,3.77
CUST000468,COLL0000468,Other,535149.69,2013-10-20,C,,Single,Lien,66.86
CUST000469,COLL0000469,Other,690606.83,2011-12-29,C,,Joint,None,48.18
CUST000470,COLL0000470,Property,204484.48,2010-11-08,C,Los Angeles,Single,None,64.21
CUST000471,COLL0000471,Gold,619281.3,2017-02-04,C,,Single,Mortgage,37.98
CUST000472,COLL0000472,Gold,774706.17,2023-08-25,B,,Single,Pledged,43.41
CUST000473,COLL0000473,Vehicles,540513.86,2015-11-11,A,,Single,Lien,46.1
CUST000474,COLL0000474,Other,682282.55,2021-07-14,D,,Joint,Pledged,26.11
CUST000475,COLL0000475,Other,944543.03,2014-11-10,D,,Joint,Pledged,93.38
CUST000476,COLL0000476,Property,864918.55,2012-12-25,A,Los Angeles,Single,Mortgage,70.15
CUST000477,COLL0000477,Shares,767367.55,2015-05-01,B,,Joint,Mortgage,1.68
CUST000478,COLL0000478,Vehicles,359109.86,2024-03-01,C,,Single,Mortgage,40.76
CUST000479,COLL0000479,Shares,338489.39,2013-08-01,B,,Single,Pledged,79.16
CUST000480,COLL0000480,Gold,510570.32,2010-04-03,D,,Joint,None,33.92
CUST000481,COLL0000481,Gold,873836.73,2012-02-05,D,,Single,Mortgage,46.93
CUST000482,COLL0000482,Other,312999.14,2013-08-11,B,,Single,None,68.65
CUST000483,COLL0000483,Property,894811.01,2022-10-11,B,Houston,Joint,None,22.15
CUST000484,COLL0000484,Shares,631086.77,2022-01-25,B,,Joint,Mortgage,24.72
CUST000485,COLL0000485,Vehicles,998682.25,2011-09-06,C,,Single,Mortgage,0.12
CUST000486,COLL0000486,Property,67638.94,2017-09-29,A,Miami,Single,Lien,44.06
CUST000487,COLL0000487,Gold,507182.01,2013-04-03,C,,Joint,Pledged,77.82
CUST000488,COLL0000488,Shares,338351.86,2022-03-13,C,,Joint,Pledged,26.19
CUST000489,COLL0000489,Vehicles,797041.45,2021-06-05,A,,Single,Mortgage,97.65
CUST000490,COLL0000490,Vehicles,46090.87,2011-03-12,D,,Single,Pledged,28.15
CUST000491,COLL0000491,Vehicles,189266.84,2011-03-01,B,,Joint,Lien,99.9
CUST000492,COLL0000492,Gold,945626.58,2019-03-21,A,,Joint,None,8.76
CUST000493,COLL0000493,Gold,584662.89,2021-07-16,D,,Joint,Pledged,44.61
CUST000494,COLL0000494,Other,907194.05,2015-08-26,D,,Single,Mortgage,88.45
CUST000495,COLL0000495,Property,446785.77,2021-10-14,D,Chicago,Single,None,81.49
CUST000496,COLL0000496,Gold,968900.88,2024-05-21,D,,Joint,Lien,65.27
CUST000497,COLL0000497,Shares,886914.35,2018-09-24,C,,Joint,Mortgage,0.1
CUST000498,COLL0000498,Shares,740584.47,2024-09-26,B,,Single,Mortgage,95.46
CUST000499,COLL0000499,Shares,804657.6,2014-02-04,B,,Single,Mortgage,39.93
CUST000500,COLL0000500,Gold,797217.49,2021-01-01,B,,Joint,Mortgage,34.43
