customer_id,tax_year,annual_income,income_source,employer_name,employment_start_date,employment_sector,profession_category,monthly_salary_credits,variable_pay_amount,other_income_sources
CUST000001,2018,476765.64,Investment,,,Finance,Engineer,[],0,Freelancing
CUST000002,2003,411932.54,Business,,,IT,Clerk,[],0,Rent
CUST000003,2021,427970.17,Salary,Company A,2009-03-18,Retail,Salesperson,"[7744.1, 9870.98, 17185.49, 10970.46, 8286.34, 9595.67, 5935.34, 9856.59, 11521.9, 15297.26, 8166.04, 5979.12]",35128.4,None
CUST000004,2019,444612.99,Salary,Company B,2009-09-25,Education,Engineer,"[13616.2, 2257.01, 16728.82, 8309.91, 4707.12, 14018.65, 14913.71, 10833.05, 14679.83, 4333.27, 15391.29, 2790.99]",8322.55,Freelancing
CUST000005,2018,283795.85,Investment,,,Retail,Engineer,[],0,Dividends
CUST000006,2008,51966.48,Investment,,,Retail,Salesperson,[],0,Dividends
CUST000007,2006,372564.88,Investment,,,Finance,Salesperson,[],0,Freelancing
CUST000008,2005,282959.75,Business,,,Retail,Manager,[],0,None
CUST000009,2017,259045.3,Business,,,Healthcare,Teacher,[],0,Rent
CUST000010,2023,287015.93,Salary,Company A,2010-09-06,Education,Salesperson,"[12232.82, 8724.81, 16887.82, 11654.62, 9244.77, 8658.35, 5558.13, 6578.36, 15222.38, 14786.89, 14007.84, 17076.41]",5546.1,Freelancing
CUST000011,2009,392646.69,Business,,,Finance,Salesperson,[],0,Freelancing
CUST000012,2021,496277.91,Salary,Company E,2022-03-03,IT,Manager,"[9196.14, 10982.98, 2175.58, 12623.8, 5395.63, 15074.69, 15191.22, 10562.67, 17891.72, 7563.77, 9341.45, 16107.13]",8039.13,Freelancing
CUST000013,2007,241319.48,Business,,,Education,Teacher,[],0,Freelancing
CUST000014,2009,54240.2,Investment,,,IT,Engineer,[],0,Freelancing
CUST000015,2005,270576.8,Investment,,,Education,Salesperson,[],0,Freelancing
CUST000016,2002,161243.12,Salary,Company A,2020-11-06,Healthcare,Salesperson,"[2785.45, 2697.68, 18618.03, 13088.35, 17821.29, 2308.7, 8419.29, 14357.82, 19745.46, 18179.97, 5496.38, 8928.32]",38273.83,None
CUST000017,2018,469084.39,Salary,Company D,2016-05-23,Education,Engineer,"[14202.35, 13657.24, 14514.96, 18525.72, 15924.54, 19414.32, 13530.08, 4263.96, 6399.1, 7200.48, 16547.52, 7184.11]",9239.5,Rent
CUST000018,2006,260714.75,Investment,,,Healthcare,Manager,[],0,Rent
CUST000019,2000,474732.23,Business,,,Retail,Clerk,[],0,Freelancing
CUST000020,2020,313322.51,Salary,Company A,2024-10-28,Healthcare,Engineer,"[6841.11, 3350.09, 16528.18, 18853.39, 19485.66, 8773.11, 4344.74, 16064.92, 4084.67, 13203.86, 13109.81, 19693.4]",14366.37,Dividends
CUST000021,2003,254716.52,Business,,,Healthcare,Teacher,[],0,None
CUST000022,2002,401797.24,Salary,Company B,2022-12-06,Healthcare,Manager,"[15751.64, 11657.33, 6469.59, 3309.55, 3263.56, 18822.24, 9971.82, 11419.41, 18075.11, 10445.54, 13389.08, 8718.68]",40016.86,Freelancing
CUST000023,2007,399315.73,Investment,,,IT,Salesperson,[],0,None
CUST000024,2011,78236.9,Investment,,,Retail,Clerk,[],0,Rent
CUST000025,2004,466028.78,Salary,Company D,2014-06-26,Finance,Salesperson,"[2935.81, 17093.02, 13295.0, 8834.65, 13303.67, 9841.75, 9277.35, 18040.81, 12876.53, 3892.98, 11917.33, 17100.37]",2421.38,Dividends
CUST000026,2008,476515.98,Salary,Company E,2008-03-03,IT,Salesperson,"[16286.02, 2991.6, 4501.59, 3694.94, 15019.83, 13380.51, 18611.0, 6691.87, 12347.22, 6840.17, 3673.43, 6082.6]",42467.45,Dividends
CUST000027,2000,372482.39,Business,,,Education,Salesperson,[],0,Rent
CUST000028,2015,499131.6,Investment,,,Education,Salesperson,[],0,Freelancing
CUST000029,2007,361623.46,Investment,,,IT,Manager,[],0,Freelancing
CUST000030,2015,87993.41,Investment,,,Retail,Clerk,[],0,Rent
CUST000031,2008,190394.97,Business,,,IT,Salesperson,[],0,Dividends
CUST000032,2022,133314.0,Business,,,Finance,Manager,[],0,Dividends
CUST000033,2024,334387.3,Investment,,,Healthcare,Manager,[],0,Freelancing
CUST000034,2003,238747.89,Investment,,,Finance,Engineer,[],0,None
CUST000035,2024,227066.85,Business,,,Education,Salesperson,[],0,Rent
CUST000036,2001,137373.21,Investment,,,Education,Teacher,[],0,Dividends
CUST000037,2025,198707.83,Business,,,Education,Salesperson,[],0,Freelancing
CUST000038,2015,206162.99,Salary,Company A,2004-10-28,Retail,Salesperson,"[11609.75, 12732.28, 12147.18, 19090.15, 9044.45, 2225.22, 12484.72, 12930.77, 15202.34, 3853.47, 2456.89, 5645.4]",41267.07,Freelancing
CUST000039,2025,342937.69,Salary,Company A,2003-05-31,Healthcare,Manager,"[3582.22, 6245.91, 8062.68, 3411.71, 18191.74, 17888.42, 3574.26, 11525.83, 11868.75, 6858.07, 19206.51, 14136.8]",34205.6,Rent
CUST000040,2008,140195.69,Investment,,,Retail,Salesperson,[],0,Freelancing
CUST000041,2003,124558.33,Salary,Company E,2010-04-18,Education,Salesperson,"[19214.96, 10356.51, 15971.44, 16791.54, 9728.24, 8499.34, 11115.24, 16361.38, 7170.58, 8651.61, 17687.0, 17567.47]",10240.57,Rent
CUST000042,2013,200251.24,Investment,,,Finance,Manager,[],0,Rent
CUST000043,2013,385681.41,Business,,,IT,Manager,[],0,Rent
CUST000044,2001,347064.91,Business,,,IT,Teacher,[],0,None
CUST000045,2004,177258.67,Investment,,,Healthcare,Salesperson,[],0,Dividends
CUST000046,2002,285197.94,Business,,,Education,Manager,[],0,Freelancing
CUST000047,2014,101712.11,Salary,Company E,2016-05-18,Finance,Teacher,"[2490.62, 8398.94, 10838.34, 7224.34, 10377.55, 8101.41, 10465.78, 12982.05, 18569.84, 5711.63, 9729.5, 10928.72]",15210.85,Rent
CUST000048,2022,165040.31,Business,,,Healthcare,Salesperson,[],0,Freelancing
CUST000049,2014,376857.71,Investment,,,Healthcare,Teacher,[],0,Rent
CUST000050,2023,163401.61,Investment,,,IT,Engineer,[],0,None
CUST000051,2004,361909.15,Salary,Company E,2014-01-01,Retail,Manager,"[15383.0, 14147.4, 19850.26, 15637.46, 17682.24, 14605.0, 19389.87, 4468.76, 16033.86, 9823.67, 17099.17, 2432.68]",46577.88,Freelancing
CUST000052,2015,411131.07,Investment,,,Finance,Clerk,[],0,None
CUST000053,2017,461496.98,Salary,Company A,2000-02-02,Retail,Manager,"[9651.6, 5735.59, 7047.05, 10332.09, 14222.84, 14036.87, 13774.8, 7779.47, 11878.51, 10102.56, 10877.67, 5963.03]",26011.68,Dividends
CUST000054,2025,344313.68,Salary,Company A,2010-05-27,Education,Engineer,"[18935.79, 18052.51, 5968.23, 3012.16, 18936.21, 15153.05, 3103.48, 18264.78, 3546.31, 4855.88, 9361.73, 11645.43]",14309.39,Freelancing
CUST000055,2022,217299.68,Business,,,Finance,Manager,[],0,None
CUST000056,2018,220198.66,Salary,Company D,2007-02-07,Finance,Manager,"[4489.02, 8223.35, 13644.3, 11087.6, 4932.64, 14071.12, 6425.09, 8725.77, 5250.69, 17365.06, 6532.31, 8609.86]",2645.06,Freelancing
CUST000057,2004,186650.35,Salary,Company A,2020-06-09,IT,Manager,"[6615.68, 17566.65, 2240.63, 13663.47, 16189.74, 19426.29, 6279.64, 14790.28, 17675.04, 9491.28, 5774.43, 14478.52]",8942.51,Freelancing
CUST000058,2004,481793.31,Salary,Company C,2019-11-10,IT,Clerk,"[10001.46, 6136.53, 5097.41, 2486.83, 3605.01, 11634.87, 19888.21, 9009.74, 5213.33, 9707.29, 15666.03, 4645.15]",45433.77,None
CUST000059,2012,75042.55,Investment,,,Education,Manager,[],0,Dividends
CUST000060,2018,449157.66,Business,,,IT,Teacher,[],0,None
CUST000061,2001,175188.02,Investment,,,Finance,Clerk,[],0,Freelancing
CUST000062,2006,233903.27,Investment,,,Retail,Clerk,[],0,Rent
CUST000063,2006,449804.97,Salary,Company B,2017-04-13,Education,Salesperson,"[13481.13, 8203.7, 8996.18, 7648.73, 18115.98, 19025.63, 11895.19, 8321.42, 11687.5, 16533.26, 3673.44, 13099.28]",22182.33,Freelancing
CUST000064,2025,103855.74,Business,,,Retail,Salesperson,[],0,Dividends
CUST000065,2017,71281.76,Investment,,,Healthcare,Clerk,[],0,Rent
CUST000066,2025,273821.67,Investment,,,IT,Teacher,[],0,None
CUST000067,2006,300934.77,Salary,Company E,2001-11-04,Healthcare,Manager,"[18850.57, 9416.55, 2092.04, 11545.52, 14206.52, 5835.14, 18116.95, 2175.7, 4155.13, 8742.85, 18695.85, 15125.23]",8298.79,None
CUST000068,2009,152122.75,Business,,,Healthcare,Salesperson,[],0,None
CUST000069,2006,203328.42,Salary,Company B,2004-05-23,Education,Teacher,"[4623.67, 9566.37, 13877.81, 6330.36, 11540.91, 2504.92, 6269.16, 15258.85, 8214.15, 4859.38, 6200.25, 9485.93]",46227.0,None
CUST000070,2020,453555.47,Business,,,Finance,Engineer,[],0,None
CUST000071,2021,340185.74,Investment,,,IT,Engineer,[],0,Freelancing
CUST000072,2005,176650.4,Salary,Company D,2004-10-29,Healthcare,Salesperson,"[9642.25, 5571.05, 6903.0, 18128.26, 12644.81, 17738.16, 6115.89, 5425.86, 4392.33, 16960.99, 14936.22, 15058.78]",4955.84,None
CUST000073,2003,453072.33,Salary,Company E,2005-04-28,Finance,Clerk,"[9251.63, 2745.96, 10956.15, 9970.31, 8594.88, 10024.72, 7372.11, 14419.73, 4590.14, 9272.03, 13878.49, 5366.26]",27874.59,Rent
CUST000074,2008,252985.04,Investment,,,IT,Salesperson,[],0,Dividends
CUST000075,2003,406227.53,Salary,Company A,2009-12-06,Healthcare,Manager,"[16603.52, 17490.17, 9275.59, 9541.57, 7168.44, 11372.14, 2982.26, 14826.08, 9904.67, 14088.49, 17460.57, 13346.11]",43696.83,Freelancing
CUST000076,2008,104625.19,Business,,,Education,Teacher,[],0,Rent
CUST000077,2004,166820.92,Investment,,,Retail,Manager,[],0,Dividends
CUST000078,2015,438855.88,Investment,,,IT,Engineer,[],0,None
CUST000079,2025,98430.93,Business,,,Healthcare,Salesperson,[],0,Rent
CUST000080,2001,203322.4,Salary,Company B,2009-05-14,Education,Engineer,"[15219.8, 18645.94, 15281.19, 2951.37, 9125.54, 8281.48, 3437.59, 15380.75, 19608.87, 10902.88, 15695.9, 15811.55]",28927.59,Dividends
CUST000081,2025,360401.4,Salary,Company E,2011-01-14,IT,Manager,"[9642.8, 5772.76, 10509.51, 7361.78, 7279.75, 13649.4, 18905.84, 13833.8, 14918.48, 9005.13, 2914.35, 10736.9]",23168.85,None
CUST000082,2025,114732.22,Salary,Company B,2023-11-14,Healthcare,Manager,"[14924.05, 14557.31, 16037.92, 6039.67, 19394.85, 17064.09, 4784.65, 8848.66, 19421.06, 14444.89, 4787.52, 13178.14]",42184.9,Rent
CUST000083,2023,77287.74,Business,,,Education,Clerk,[],0,Dividends
CUST000084,2021,30489.17,Salary,Company A,2013-07-21,IT,Engineer,"[17588.78, 19962.3, 11493.21, 3772.17, 11605.63, 2680.01, 2239.34, 14028.74, 12106.71, 10657.71, 14186.64, 4143.0]",13623.27,None
CUST000085,2018,123300.99,Investment,,,Healthcare,Engineer,[],0,None
CUST000086,2023,103632.43,Investment,,,Retail,Manager,[],0,Rent
CUST000087,2006,169097.89,Salary,Company B,2021-02-16,Education,Clerk,"[7483.81, 19951.09, 17745.23, 18109.23, 16029.01, 3446.41, 4339.32, 12569.47, 5859.06, 18597.42, 6225.43, 19708.54]",19188.84,Freelancing
CUST000088,2005,437279.71,Investment,,,IT,Teacher,[],0,Rent
CUST000089,2005,121787.63,Investment,,,Education,Engineer,[],0,None
CUST000090,2023,357791.04,Investment,,,IT,Engineer,[],0,None
CUST000091,2003,69913.02,Investment,,,Finance,Teacher,[],0,Freelancing
CUST000092,2005,37308.28,Salary,Company C,2021-01-16,Education,Engineer,"[14213.78, 6511.47, 6861.24, 7901.93, 19764.79, 8952.63, 13046.69, 2801.77, 19482.73, 15599.89, 19341.51, 2409.13]",43747.47,Freelancing
CUST000093,2013,456170.12,Salary,Company A,2016-08-07,Education,Teacher,"[13890.77, 6723.63, 15435.82, 14928.63, 6755.57, 15159.16, 15861.82, 14682.37, 4183.48, 2922.49, 17951.42, 18496.87]",33698.75,Freelancing
CUST000094,2002,246306.36,Salary,Company A,2004-09-09,Healthcare,Salesperson,"[7958.68, 13717.58, 15623.93, 11055.82, 13511.3, 17892.47, 19343.88, 7165.54, 18864.73, 15872.38, 19656.84, 9002.68]",32323.62,Freelancing
CUST000095,2008,228471.88,Salary,Company C,2015-06-05,Finance,Engineer,"[2114.66, 16131.61, 10770.61, 9618.84, 4077.06, 5396.52, 15960.99, 2762.46, 8763.88, 14469.37, 14246.83, 10892.17]",31771.27,None
CUST000096,2013,332559.65,Salary,Company E,2013-05-15,Healthcare,Clerk,"[11396.78, 6287.42, 12406.93, 16608.39, 19505.97, 10405.11, 19088.19, 18765.42, 7897.75, 19917.91, 8466.64, 2086.52]",43896.11,Dividends
CUST000097,2017,57882.72,Salary,Company A,2020-03-13,IT,Teacher,"[17030.12, 5518.78, 16384.97, 8828.99, 5054.09, 7382.85, 7209.63, 4959.31, 4313.26, 15623.05, 18319.07, 16686.56]",21495.28,Dividends
CUST000098,2013,269624.88,Business,,,Healthcare,Engineer,[],0,Freelancing
CUST000099,2019,215817.68,Salary,Company B,2019-02-21,Finance,Clerk,"[5368.01, 9762.67, 2610.37, 6133.82, 17911.5, 4918.45, 4051.69, 5952.28, 17991.23, 7191.59, 19753.16, 11171.36]",20774.15,Dividends
CUST000100,2002,141257.2,Business,,,Healthcare,Teacher,[],0,None
CUST000101,2000,187211.98,Investment,,,Education,Engineer,[],0,Freelancing
CUST000102,2001,283187.6,Investment,,,Retail,Manager,[],0,Dividends
CUST000103,2007,374108.67,Salary,Company B,2011-02-21,IT,Clerk,"[5501.81, 11685.21, 14633.01, 6349.59, 7967.23, 15669.48, 13133.07, 2784.39, 17849.88, 10925.42, 15340.39, 8342.5]",40601.13,Dividends
CUST000104,2010,398905.38,Business,,,Healthcare,Clerk,[],0,None
CUST000105,2000,196368.94,Investment,,,Finance,Engineer,[],0,Dividends
CUST000106,2017,91929.34,Salary,Company C,2012-11-19,Healthcare,Manager,"[7709.82, 15933.64, 6486.63, 8054.87, 15730.53, 11689.39, 13105.42, 7060.65, 12161.26, 5052.14, 11946.15, 15348.46]",20681.58,None
CUST000107,2008,472158.15,Investment,,,Education,Teacher,[],0,Dividends
CUST000108,2003,365941.69,Business,,,Healthcare,Clerk,[],0,Rent
CUST000109,2012,179709.16,Salary,Company D,2022-04-20,Finance,Salesperson,"[7458.08, 3713.11, 14832.21, 15003.94, 11067.83, 17709.32, 18892.43, 15927.34, 19037.48, 17441.34, 13058.11, 19751.56]",6663.92,None
CUST000110,2025,42888.67,Business,,,Education,Clerk,[],0,Freelancing
CUST000111,2016,233832.83,Salary,Company A,2020-11-06,Retail,Salesperson,"[10161.47, 3841.59, 16913.63, 14239.1, 9774.07, 16435.65, 13538.82, 15422.92, 17593.83, 9606.77, 19511.44, 4091.8]",46242.96,Freelancing
CUST000112,2004,38320.99,Investment,,,Education,Teacher,[],0,None
CUST000113,2009,238140.77,Business,,,Finance,Teacher,[],0,Dividends
CUST000114,2009,498753.01,Salary,Company B,2010-01-14,Healthcare,Salesperson,"[19866.29, 7352.35, 5834.15, 8823.96, 6929.57, 18517.02, 7771.84, 11956.59, 5323.78, 7811.53, 6344.11, 19953.99]",38184.37,Rent
CUST000115,2023,141885.16,Business,,,Finance,Clerk,[],0,Rent
CUST000116,2009,276654.42,Investment,,,Retail,Manager,[],0,Freelancing
CUST000117,2018,224773.15,Salary,Company D,2004-05-25,Healthcare,Salesperson,"[18558.25, 16359.2, 11521.42, 19369.74, 4166.05, 16029.82, 16183.96, 14197.07, 3408.76, 14615.53, 5348.54, 8225.7]",38242.19,Dividends
CUST000118,2021,233147.9,Business,,,Education,Clerk,[],0,None
CUST000119,2019,269458.33,Salary,Company D,2014-10-26,IT,Manager,"[9159.46, 8846.61, 2236.52, 14470.67, 17365.47, 9972.95, 4502.9, 11635.04, 14903.04, 7657.92, 17205.65, 10510.83]",28506.72,None
CUST000120,2007,453485.9,Salary,Company C,2018-05-25,IT,Teacher,"[7893.39, 14972.23, 6722.72, 7908.21, 17935.28, 5887.43, 19308.67, 8262.91, 12951.51, 15965.28, 7918.91, 7297.7]",20704.59,Freelancing
CUST000121,2025,452157.12,Investment,,,Healthcare,Clerk,[],0,Dividends
CUST000122,2014,300666.71,Investment,,,Education,Clerk,[],0,None
CUST000123,2024,367794.6,Investment,,,Retail,Engineer,[],0,Dividends
CUST000124,2016,354239.01,Business,,,Retail,Salesperson,[],0,Freelancing
CUST000125,2006,138243.48,Business,,,Finance,Clerk,[],0,Dividends
CUST000126,2013,312703.64,Salary,Company B,2019-07-04,Finance,Engineer,"[18731.27, 11723.87, 5876.05, 4602.86, 2654.25, 10360.48, 4381.79, 16640.84, 8023.06, 12954.28, 10743.87, 7330.8]",28344.01,None
CUST000127,2018,449717.27,Investment,,,Education,Manager,[],0,Dividends
CUST000128,2017,330603.36,Investment,,,Retail,Teacher,[],0,None
CUST000129,2016,402729.47,Salary,Company D,2000-02-16,Healthcare,Salesperson,"[13657.28, 2593.86, 11371.67, 19150.11, 12617.59, 8419.4, 19462.61, 9144.95, 6605.06, 10477.5, 15294.1, 10627.48]",3352.2,Dividends
CUST000130,2014,362306.23,Salary,Company B,2017-11-23,Retail,Teacher,"[5938.23, 3281.26, 15700.55, 19899.03, 3434.46, 8812.23, 12334.49, 19822.67, 9714.43, 10009.15, 9669.82, 11712.84]",24899.86,Freelancing
CUST000131,2019,163314.63,Investment,,,Retail,Teacher,[],0,Dividends
CUST000132,2011,169375.04,Business,,,Healthcare,Salesperson,[],0,Freelancing
CUST000133,2000,120075.32,Investment,,,Education,Manager,[],0,None
CUST000134,2009,459836.16,Business,,,Education,Salesperson,[],0,Dividends
CUST000135,2003,89022.08,Salary,Company A,2021-06-20,Retail,Teacher,"[6910.37, 19693.0, 7647.53, 4095.82, 15865.27, 4306.02, 9850.68, 16271.2, 14365.43, 16194.86, 18454.31, 10377.37]",22931.27,Rent
CUST000136,2004,201032.33,Investment,,,Retail,Engineer,[],0,Dividends
CUST000137,2023,496109.98,Investment,,,Retail,Manager,[],0,None
CUST000138,2024,141769.4,Business,,,Healthcare,Manager,[],0,Dividends
CUST000139,2002,210687.52,Investment,,,IT,Teacher,[],0,Rent
CUST000140,2000,192789.13,Investment,,,Education,Salesperson,[],0,Dividends
CUST000141,2004,174420.14,Investment,,,Finance,Teacher,[],0,Rent
CUST000142,2012,261781.09,Business,,,Finance,Clerk,[],0,Freelancing
CUST000143,2019,433798.35,Investment,,,IT,Salesperson,[],0,Dividends
CUST000144,2009,160154.54,Investment,,,Finance,Salesperson,[],0,Rent
CUST000145,2022,316949.96,Investment,,,IT,Teacher,[],0,Freelancing
CUST000146,2023,99911.13,Business,,,Education,Teacher,[],0,None
CUST000147,2025,490100.71,Business,,,Education,Teacher,[],0,Freelancing
CUST000148,2012,297370.64,Salary,Company C,2011-07-28,Healthcare,Manager,"[18794.34, 16042.65, 17085.94, 9752.91, 8335.67, 8803.64, 6101.81, 10546.09, 7167.9, 10976.83, 15203.33, 10094.08]",11502.43,Freelancing
CUST000149,2006,193609.96,Business,,,Healthcare,Teacher,[],0,Rent
CUST000150,2004,152897.11,Salary,Company B,2016-09-09,Finance,Teacher,"[10587.24, 19035.79, 13929.25, 9941.25, 10759.91, 9205.33, 7483.63, 19196.68, 15562.74, 17022.43, 10911.91, 18524.58]",42544.53,Rent
CUST000151,2013,56599.5,Business,,,Healthcare,Engineer,[],0,Dividends
CUST000152,2024,298251.65,Business,,,Retail,Clerk,[],0,Rent
CUST000153,2007,332136.44,Business,,,IT,Teacher,[],0,None
CUST000154,2004,261155.11,Business,,,Finance,Manager,[],0,None
CUST000155,2011,175878.42,Investment,,,Healthcare,Engineer,[],0,Rent
CUST000156,2019,375607.4,Investment,,,IT,Teacher,[],0,Rent
CUST000157,2014,102280.25,Salary,Company E,2000-02-10,Finance,Engineer,"[4036.71, 16812.54, 2845.68, 10186.71, 2762.05, 7826.86, 18076.86, 2017.13, 12739.46, 4937.24, 17933.6, 15259.19]",49147.34,Rent
CUST000158,2019,269067.94,Salary,Company A,2018-03-28,IT,Engineer,"[19847.25, 2116.77, 10569.14, 2741.61, 11551.52, 4594.86, 14148.13, 14073.87, 12595.12, 6798.01, 15883.76, 8884.59]",46065.57,Freelancing
CUST000159,2004,258930.3,Business,,,Finance,Engineer,[],0,Rent
CUST000160,2015,371119.12,Business,,,Education,Salesperson,[],0,None
CUST000161,2024,279612.65,Investment,,,Healthcare,Clerk,[],0,Dividends
CUST000162,2005,312138.41,Salary,Company D,2016-09-26,Finance,Clerk,"[10249.2, 2290.89, 12376.98, 7375.34, 15663.65, 19334.88, 7817.56, 17552.65, 8128.98, 17284.81, 9985.33, 12359.26]",17173.66,Dividends
CUST000163,2023,331596.82,Business,,,Education,Salesperson,[],0,Rent
CUST000164,2022,339127.11,Salary,Company C,2024-04-11,Retail,Salesperson,"[5750.56, 2554.29, 10565.76, 14442.38, 6293.93, 3413.59, 10775.25, 4467.82, 6029.26, 18947.13, 19330.58, 17654.08]",6996.08,None
CUST000165,2023,65397.34,Business,,,Retail,Engineer,[],0,Freelancing
CUST000166,2011,131048.2,Business,,,Education,Manager,[],0,Freelancing
CUST000167,2016,245008.46,Business,,,Finance,Engineer,[],0,Dividends
CUST000168,2025,66416.35,Business,,,IT,Salesperson,[],0,Freelancing
CUST000169,2005,321891.9,Salary,Company A,2010-08-18,Education,Manager,"[9111.19, 8784.1, 7029.39, 17117.19, 10678.38, 16653.36, 10846.97, 5820.92, 8878.98, 11142.7, 17461.32, 5181.91]",9671.15,None
CUST000170,2009,200117.64,Business,,,Healthcare,Manager,[],0,None
CUST000171,2002,59945.1,Business,,,IT,Engineer,[],0,Freelancing
CUST000172,2023,155781.06,Investment,,,IT,Engineer,[],0,Dividends
CUST000173,2010,492290.78,Business,,,Finance,Teacher,[],0,None
CUST000174,2019,481409.87,Business,,,Education,Engineer,[],0,None
CUST000175,2020,370804.12,Salary,Company C,2008-06-16,Finance,Clerk,"[14264.88, 16793.0, 19865.8, 16367.25, 7901.92, 4610.38, 7090.62, 13796.99, 11324.45, 17195.39, 12805.27, 7981.95]",15683.53,Rent
CUST000176,2012,198738.36,Business,,,Retail,Salesperson,[],0,None
CUST000177,2012,72244.2,Investment,,,Education,Manager,[],0,Freelancing
CUST000178,2025,323226.6,Salary,Company B,2008-05-07,Education,Engineer,"[3730.16, 17506.82, 13001.34, 8869.78, 16574.78, 6124.05, 4602.85, 7081.69, 8413.28, 3124.8, 2883.76, 12444.27]",12103.91,Freelancing
CUST000179,2023,295108.6,Business,,,Healthcare,Engineer,[],0,Freelancing
CUST000180,2009,73846.1,Business,,,Education,Manager,[],0,Freelancing
CUST000181,2024,442997.83,Investment,,,Education,Clerk,[],0,Freelancing
CUST000182,2011,190740.62,Investment,,,Retail,Engineer,[],0,Rent
CUST000183,2019,268324.99,Investment,,,Finance,Manager,[],0,None
CUST000184,2006,282160.12,Investment,,,Education,Salesperson,[],0,None
CUST000185,2011,193742.96,Investment,,,Finance,Manager,[],0,Rent
CUST000186,2003,205762.64,Business,,,Retail,Engineer,[],0,Dividends
CUST000187,2011,135559.46,Business,,,Finance,Engineer,[],0,Dividends
CUST000188,2007,235045.88,Salary,Company A,2019-03-19,Finance,Engineer,"[5733.98, 15034.63, 2525.89, 16930.1, 12139.69, 18646.22, 6314.99, 14908.94, 3228.56, 13041.45, 6564.47, 9216.67]",31214.72,None
CUST000189,2014,493416.65,Business,,,Retail,Clerk,[],0,Rent
CUST000190,2015,107266.67,Business,,,IT,Teacher,[],0,Rent
CUST000191,2004,58594.07,Business,,,Retail,Salesperson,[],0,Freelancing
CUST000192,2011,126222.5,Salary,Company A,2022-07-02,Retail,Teacher,"[19807.34, 18215.94, 2747.07, 17695.12, 9881.05, 8917.94, 18308.37, 7258.77, 12245.52, 13017.15, 17073.49, 6563.0]",29642.99,Rent
CUST000193,2004,280807.24,Business,,,IT,Engineer,[],0,None
CUST000194,2024,156530.15,Salary,Company C,2015-03-06,Retail,Clerk,"[14329.61, 3851.22, 10653.78, 13153.55, 14183.31, 3222.52, 6032.55, 10445.46, 7469.72, 17263.53, 8097.83, 10327.56]",40173.1,Freelancing
CUST000195,2000,34707.63,Investment,,,Retail,Manager,[],0,None
CUST000196,2018,163416.17,Business,,,Education,Salesperson,[],0,Dividends
CUST000197,2023,123912.64,Business,,,Healthcare,Clerk,[],0,Dividends
CUST000198,2021,451775.81,Salary,Company B,2022-09-20,Retail,Clerk,"[7623.35, 7588.82, 7983.34, 10067.98, 7299.72, 6578.44, 11800.04, 8402.81, 6293.81, 7432.93, 13275.76, 18339.97]",39107.39,Rent
CUST000199,2009,350313.2,Investment,,,Retail,Salesperson,[],0,Dividends
CUST000200,2016,172509.21,Business,,,Education,Clerk,[],0,Dividends
CUST000201,2015,69893.23,Business,,,Education,Clerk,[],0,Freelancing
CUST000202,2011,60334.02,Investment,,,Retail,Salesperson,[],0,Rent
CUST000203,2008,347032.86,Salary,Company E,2014-06-28,Healthcare,Teacher,"[9780.48, 17731.51, 9749.18, 5975.59, 13872.47, 6415.77, 18647.58, 19962.57, 13932.97, 13404.71, 18887.14, 6230.29]",47729.1,None
CUST000204,2004,129463.47,Business,,,Healthcare,Teacher,[],0,Freelancing
CUST000205,2000,454462.96,Investment,,,Education,Manager,[],0,Dividends
CUST000206,2014,126839.04,Salary,Company C,2012-05-02,Education,Clerk,"[10860.15, 17526.61, 7982.2, 5799.12, 6402.73, 13222.28, 3489.75, 3892.59, 9495.54, 17887.65, 6093.03, 16621.32]",25914.99,Dividends
CUST000207,2021,412781.8,Salary,Company E,2005-01-23,Retail,Clerk,"[17100.64, 11787.06, 9650.68, 7524.65, 18199.99, 9384.35, 2069.95, 5340.08, 13193.14, 10579.81, 9645.42, 11413.0]",12537.45,Rent
CUST000208,2007,166166.29,Investment,,,Finance,Salesperson,[],0,None
CUST000209,2011,179293.93,Investment,,,Healthcare,Manager,[],0,Rent
CUST000210,2004,496668.96,Salary,Company C,2013-10-12,Healthcare,Salesperson,"[14180.38, 3734.09, 4187.96, 10788.64, 5738.28, 19597.36, 17361.34, 4081.94, 16379.94, 4488.92, 7726.15, 2516.27]",2886.13,None
CUST000211,2016,415535.0,Investment,,,Finance,Engineer,[],0,Dividends
CUST000212,2018,93922.49,Investment,,,Education,Manager,[],0,None
CUST000213,2012,342049.54,Investment,,,Healthcare,Clerk,[],0,Freelancing
CUST000214,2001,146143.16,Salary,Company B,2006-08-06,Education,Manager,"[8525.28, 17648.51, 11740.17, 9339.02, 16561.03, 17709.07, 2744.12, 11078.23, 13626.19, 5723.77, 12529.01, 3283.9]",6322.05,Dividends
CUST000215,2018,441480.35,Investment,,,IT,Clerk,[],0,None
CUST000216,2020,424253.88,Business,,,Education,Teacher,[],0,Rent
CUST000217,2007,333789.36,Investment,,,Healthcare,Clerk,[],0,None
CUST000218,2023,460565.7,Salary,Company C,2023-08-01,Healthcare,Engineer,"[8519.99, 11130.84, 10710.19, 8198.35, 6033.53, 2210.88, 17715.16, 7035.8, 9163.69, 12464.19, 5695.68, 5481.39]",30726.77,None
CUST000219,2020,138756.99,Salary,Company A,2011-01-03,Education,Engineer,"[4800.33, 7777.62, 8135.98, 12567.49, 19839.17, 4905.05, 17064.92, 7899.68, 16121.98, 4416.67, 3818.65, 17330.44]",10490.33,Dividends
CUST000220,2023,327043.98,Business,,,Healthcare,Engineer,[],0,Rent
CUST000221,2002,82072.29,Business,,,Healthcare,Teacher,[],0,None
CUST000222,2002,141618.3,Investment,,,Education,Engineer,[],0,None
CUST000223,2016,409678.62,Investment,,,Finance,Engineer,[],0,None
CUST000224,2002,47782.74,Business,,,Finance,Clerk,[],0,Freelancing
CUST000225,2020,462277.24,Investment,,,Retail,Teacher,[],0,Freelancing
CUST000226,2024,211564.4,Investment,,,Healthcare,Engineer,[],0,Dividends
CUST000227,2012,347610.35,Business,,,Finance,Manager,[],0,None
CUST000228,2022,449237.82,Salary,Company E,2023-08-06,Healthcare,Clerk,"[6825.21, 2337.41, 10025.01, 5343.98, 13179.47, 11492.28, 7452.2, 12205.07, 10336.26, 19738.59, 11162.88, 7093.01]",7910.44,Rent
CUST000229,2012,45117.63,Salary,Company A,2019-11-14,Healthcare,Clerk,"[9233.39, 16883.83, 11982.21, 2095.8, 8680.66, 14149.16, 6191.86, 4920.08, 15226.31, 15233.13, 16454.64, 8030.16]",2367.39,None
CUST000230,2022,388214.69,Business,,,Education,Engineer,[],0,Dividends
CUST000231,2012,177957.89,Salary,Company D,2013-09-04,Finance,Engineer,"[2240.21, 14564.68, 5515.75, 3852.07, 15015.55, 7970.94, 12298.48, 13365.42, 12493.22, 9146.84, 18094.86, 9819.77]",43878.9,Rent
CUST000232,2009,487792.18,Business,,,IT,Engineer,[],0,Freelancing
CUST000233,2018,330832.78,Business,,,IT,Engineer,[],0,None
CUST000234,2017,144894.5,Business,,,Finance,Manager,[],0,None
CUST000235,2003,134382.35,Investment,,,Education,Manager,[],0,Rent
CUST000236,2016,305773.84,Salary,Company B,2015-01-10,Healthcare,Clerk,"[16342.44, 15851.61, 8704.64, 2806.92, 6989.06, 12074.44, 10690.94, 18002.14, 13027.08, 16904.43, 8516.92, 3704.06]",45539.34,Dividends
CUST000237,2023,254521.51,Salary,Company A,2019-02-03,Retail,Teacher,"[6036.66, 11634.36, 5496.45, 14051.68, 15348.84, 11511.88, 12074.13, 13381.34, 6273.45, 14483.16, 5749.18, 4021.33]",40945.91,Freelancing
CUST000238,2000,386879.94,Salary,Company A,2015-07-22,Education,Manager,"[17922.99, 8481.7, 9094.69, 16261.5, 8511.11, 6713.83, 9636.81, 17968.64, 11700.64, 19741.49, 10745.97, 2885.59]",27145.59,None
CUST000239,2002,467810.12,Salary,Company A,2012-07-31,Retail,Salesperson,"[2969.68, 3995.1, 6663.2, 12741.88, 6860.66, 7908.65, 13841.88, 17192.97, 11819.13, 5157.08, 15224.23, 5788.47]",30847.27,Rent
CUST000240,2014,169264.98,Investment,,,Finance,Engineer,[],0,Freelancing
CUST000241,2023,447566.33,Salary,Company C,2015-09-25,IT,Teacher,"[18419.03, 3725.53, 13428.56, 14115.08, 6754.88, 13214.09, 12169.26, 11875.25, 8555.6, 13796.01, 17827.12, 14266.98]",29997.81,Rent
CUST000242,2007,31304.08,Investment,,,Finance,Clerk,[],0,Freelancing
CUST000243,2024,483366.3,Investment,,,Retail,Teacher,[],0,Freelancing
CUST000244,2006,404847.43,Salary,Company A,2013-06-22,Education,Manager,"[5682.22, 17645.27, 4712.52, 8653.61, 4524.91, 18372.85, 11726.3, 9770.94, 6830.27, 5877.5, 10184.38, 10806.18]",18494.74,Dividends
CUST000245,2015,384777.49,Business,,,IT,Teacher,[],0,Freelancing
CUST000246,2015,321889.92,Business,,,Healthcare,Engineer,[],0,None
CUST000247,2015,74611.21,Salary,Company B,2008-03-08,Healthcare,Salesperson,"[14713.07, 16044.57, 4199.45, 14172.94, 5919.58, 7573.78, 15680.13, 13752.97, 2059.59, 6613.64, 4614.67, 13264.4]",1905.44,None
CUST000248,2013,199939.28,Business,,,Retail,Manager,[],0,Dividends
CUST000249,2020,93984.08,Salary,Company B,2012-11-16,Retail,Manager,"[14934.17, 11830.55, 19402.81, 15015.95, 5163.87, 14599.96, 19161.74, 10377.11, 6925.67, 10781.4, 15161.1, 15572.44]",31360.26,Freelancing
CUST000250,2012,129069.37,Business,,,Finance,Teacher,[],0,None
CUST000251,2009,254680.63,Business,,,Finance,Teacher,[],0,Freelancing
CUST000252,2017,108320.74,Salary,Company B,2004-07-20,IT,Clerk,"[7018.45, 6383.97, 17341.56, 11335.82, 10869.38, 11806.93, 3665.02, 9345.8, 7132.5, 19599.61, 19471.63, 18905.46]",14544.16,Rent
CUST000253,2003,479006.62,Salary,Company C,2023-03-17,IT,Manager,"[10553.87, 14482.25, 16558.84, 11507.45, 18017.91, 2427.1, 6456.31, 2661.19, 9566.61, 10588.01, 10776.72, 3783.64]",36380.95,Freelancing
CUST000254,2002,444878.34,Salary,Company A,2015-12-03,Finance,Manager,"[4325.92, 12906.7, 17571.11, 14780.7, 10963.09, 9815.85, 17559.04, 9031.89, 13199.93, 13999.66, 19281.76, 18971.25]",18079.83,Dividends
CUST000255,2008,163014.61,Investment,,,Healthcare,Manager,[],0,Rent
CUST000256,2025,63554.07,Business,,,Healthcare,Teacher,[],0,Dividends
CUST000257,2008,354512.72,Salary,Company C,2024-03-13,Finance,Manager,"[15556.95, 12451.18, 16589.19, 13697.0, 6735.1, 19014.75, 6823.36, 3860.22, 4997.83, 15425.34, 2865.91, 13272.2]",45823.98,None
CUST000258,2016,65665.18,Investment,,,Retail,Manager,[],0,Dividends
CUST000259,2022,470271.37,Investment,,,Finance,Engineer,[],0,None
CUST000260,2025,147141.19,Investment,,,Education,Teacher,[],0,None
CUST000261,2007,190317.42,Business,,,IT,Teacher,[],0,Freelancing
CUST000262,2000,460949.28,Salary,Company A,2023-04-11,Finance,Clerk,"[10652.3, 15253.17, 14257.91, 12924.89, 10948.4, 17221.69, 10544.43, 8181.9, 5335.07, 9033.62, 9764.25, 14497.73]",43898.43,None
CUST000263,2010,327422.15,Salary,Company B,2024-10-06,Healthcare,Manager,"[7565.26, 2016.17, 2151.81, 17665.8, 12107.98, 14738.15, 14098.83, 8801.47, 12023.66, 12987.81, 7900.98, 6603.1]",3883.7,None
CUST000264,2010,100749.02,Investment,,,Education,Salesperson,[],0,None
CUST000265,2001,425676.23,Investment,,,IT,Manager,[],0,Freelancing
CUST000266,2008,221415.65,Business,,,IT,Engineer,[],0,Freelancing
CUST000267,2008,476954.28,Business,,,Healthcare,Salesperson,[],0,Rent
CUST000268,2016,111691.08,Business,,,Retail,Manager,[],0,Rent
CUST000269,2004,177847.98,Business,,,Retail,Clerk,[],0,Dividends
CUST000270,2023,413002.89,Salary,Company D,2012-11-21,Education,Teacher,"[5841.07, 19880.95, 8576.6, 5473.07, 8294.2, 18973.91, 12296.24, 15159.63, 12600.1, 18799.49, 19169.64, 5947.85]",6858.29,Dividends
CUST000271,2020,184090.29,Investment,,,Retail,Clerk,[],0,None
CUST000272,2005,193794.95,Business,,,Healthcare,Clerk,[],0,Dividends
CUST000273,2014,390960.13,Business,,,IT,Clerk,[],0,Rent
CUST000274,2002,364007.49,Business,,,Finance,Salesperson,[],0,Dividends
CUST000275,2006,451374.81,Investment,,,Education,Salesperson,[],0,Rent
CUST000276,2002,437497.11,Business,,,Retail,Teacher,[],0,Rent
CUST000277,2008,108587.32,Investment,,,Retail,Salesperson,[],0,Freelancing
CUST000278,2011,324006.68,Business,,,Retail,Engineer,[],0,Freelancing
CUST000279,2014,252522.1,Investment,,,Healthcare,Salesperson,[],0,Rent
CUST000280,2015,401116.56,Investment,,,Healthcare,Engineer,[],0,None
CUST000281,2021,267639.68,Salary,Company E,2005-07-29,Retail,Engineer,"[4455.51, 11943.72, 17568.05, 19808.78, 4534.91, 8113.97, 13577.82, 7054.45, 18419.77, 6544.51, 17649.64, 18012.29]",48220.61,Rent
CUST000282,2011,58663.9,Salary,Company D,2001-07-30,Finance,Engineer,"[13637.84, 3685.8, 9544.5, 6417.51, 19893.9, 13298.14, 6882.59, 13933.23, 14957.56, 4831.64, 12311.11, 17472.44]",43671.7,Freelancing
CUST000283,2001,110827.87,Salary,Company E,2003-12-27,Retail,Teacher,"[5105.26, 11627.65, 11929.6, 18508.54, 2666.93, 5661.16, 11956.14, 14373.32, 18469.04, 15819.32, 10111.92, 5729.45]",17050.79,Dividends
CUST000284,2009,399064.89,Business,,,Healthcare,Clerk,[],0,Freelancing
CUST000285,2025,120990.01,Investment,,,Retail,Engineer,[],0,Dividends
CUST000286,2019,474321.01,Salary,Company D,2020-10-18,Finance,Manager,"[7085.45, 4917.69, 18956.1, 13198.4, 12567.7, 13524.72, 9247.44, 14566.45, 7586.91, 8566.23, 12761.67, 11298.95]",48384.87,Dividends
CUST000287,2012,287929.63,Investment,,,Finance,Manager,[],0,Rent
CUST000288,2001,139414.77,Salary,Company B,2011-08-14,Education,Engineer,"[11064.5, 10319.37, 12998.62, 7412.11, 6572.65, 17117.83, 5859.11, 2110.21, 18805.87, 16835.95, 2195.22, 6733.19]",29297.01,Dividends
CUST000289,2014,37312.65,Salary,Company A,2006-06-27,IT,Salesperson,"[11858.06, 5762.9, 14050.62, 15600.48, 7255.23, 15008.61, 10384.64, 6346.11, 16257.52, 19376.06, 4419.85, 5425.96]",2214.39,None
CUST000290,2001,110363.3,Business,,,Retail,Clerk,[],0,Freelancing
CUST000291,2005,493014.05,Investment,,,IT,Salesperson,[],0,Dividends
CUST000292,2024,301121.45,Investment,,,IT,Salesperson,[],0,Rent
CUST000293,2014,325444.51,Business,,,Finance,Manager,[],0,Freelancing
CUST000294,2024,484015.76,Investment,,,Finance,Manager,[],0,Rent
CUST000295,2011,45454.66,Salary,Company A,2006-11-18,Finance,Salesperson,"[9308.42, 15993.44, 9883.41, 9542.3, 16440.78, 10226.75, 15160.66, 16980.7, 9112.57, 3536.41, 18275.19, 2222.03]",11879.01,Freelancing
CUST000296,2010,399480.74,Investment,,,Retail,Manager,[],0,Rent
CUST000297,2006,399107.31,Business,,,IT,Teacher,[],0,Dividends
CUST000298,2024,368564.68,Investment,,,IT,Engineer,[],0,Freelancing
CUST000299,2009,460962.38,Business,,,Education,Manager,[],0,Freelancing
CUST000300,2024,60987.37,Investment,,,Education,Manager,[],0,Dividends
CUST000301,2017,55044.42,Salary,Company A,2011-05-21,Finance,Engineer,"[2835.78, 12543.53, 10237.77, 14246.84, 16154.18, 19916.3, 18664.16, 6224.26, 6544.41, 2965.45, 6153.99, 14820.33]",8595.96,Dividends
CUST000302,2007,427877.43,Business,,,Education,Engineer,[],0,Dividends
CUST000303,2004,420998.06,Investment,,,Education,Engineer,[],0,None
CUST000304,2014,151121.12,Investment,,,Finance,Salesperson,[],0,Rent
CUST000305,2014,262781.06,Business,,,Education,Manager,[],0,None
CUST000306,2008,333625.56,Investment,,,Healthcare,Salesperson,[],0,Freelancing
CUST000307,2006,419251.32,Salary,Company C,2000-04-09,Education,Teacher,"[10994.9, 11195.68, 12091.16, 17285.45, 8882.4, 10541.45, 11281.84, 3580.19, 18383.48, 18059.2, 8324.15, 7138.99]",12673.11,Rent
CUST000308,2024,84702.46,Investment,,,Finance,Salesperson,[],0,Rent
CUST000309,2000,396102.79,Business,,,Healthcare,Engineer,[],0,None
CUST000310,2010,59671.14,Salary,Company E,2011-02-17,IT,Clerk,"[16929.21, 19194.79, 12627.03, 12029.93, 10001.82, 17322.04, 13604.23, 5711.37, 2033.19, 8416.65, 16446.19, 10357.36]",2591.97,Rent
CUST000311,2016,391383.21,Investment,,,Healthcare,Salesperson,[],0,None
CUST000312,2020,298904.41,Investment,,,Finance,Clerk,[],0,Dividends
CUST000313,2016,176528.84,Salary,Company B,2015-06-25,Healthcare,Teacher,"[2355.5, 19017.89, 18267.83, 10835.58, 9041.34, 17634.48, 4567.12, 8275.76, 3428.37, 9207.91, 2243.85, 5263.64]",1540.72,Dividends
CUST000314,2009,244669.42,Business,,,Retail,Salesperson,[],0,Freelancing
CUST000315,2019,431426.3,Investment,,,IT,Engineer,[],0,Rent
CUST000316,2015,472524.97,Business,,,Retail,Clerk,[],0,None
CUST000317,2013,217982.19,Investment,,,Healthcare,Manager,[],0,Dividends
CUST000318,2001,132413.02,Salary,Company D,2021-11-05,IT,Salesperson,"[9172.8, 12303.23, 3451.27, 2535.08, 17692.15, 18015.77, 10870.7, 13388.77, 9991.93, 19810.24, 15031.86, 13118.32]",7302.42,Rent
CUST000319,2025,373769.82,Salary,Company B,2013-05-04,Finance,Clerk,"[16589.44, 7642.71, 3671.32, 14264.06, 3975.06, 2244.63, 6011.1, 6432.26, 9232.72, 14242.89, 8204.66, 15151.51]",30365.16,Dividends
CUST000320,2016,280299.56,Salary,Company E,2014-12-02,Healthcare,Manager,"[17017.2, 11217.35, 11058.03, 19066.2, 7591.34, 5098.91, 13457.56, 4648.35, 10680.02, 9820.96, 18756.32, 9948.93]",8642.34,None
CUST000321,2022,368232.98,Investment,,,Education,Teacher,[],0,Freelancing
CUST000322,2023,163841.79,Business,,,Healthcare,Engineer,[],0,Rent
CUST000323,2006,308127.95,Investment,,,IT,Salesperson,[],0,Dividends
CUST000324,2000,118423.66,Investment,,,IT,Salesperson,[],0,Rent
CUST000325,2023,383987.84,Investment,,,Education,Teacher,[],0,None
CUST000326,2020,161562.31,Investment,,,Finance,Engineer,[],0,None
CUST000327,2013,467337.4,Investment,,,Education,Teacher,[],0,Rent
CUST000328,2010,243257.05,Investment,,,Education,Clerk,[],0,None
CUST000329,2015,129951.36,Business,,,IT,Salesperson,[],0,None
CUST000330,2001,90074.48,Salary,Company C,2007-11-22,Retail,Salesperson,"[15257.1, 10746.62, 11663.72, 8721.35, 11884.66, 4930.1, 13188.23, 15650.93, 16107.71, 15855.52, 7087.99, 13992.27]",22554.08,Rent
CUST000331,2010,237887.86,Salary,Company D,2006-12-28,IT,Clerk,"[9761.86, 9860.38, 2777.65, 10053.75, 6442.38, 13685.25, 15840.41, 18913.22, 3002.59, 13905.07, 6470.56, 3389.25]",36608.61,None
CUST000332,2000,410373.47,Business,,,Education,Manager,[],0,Rent
CUST000333,2002,245164.36,Salary,Company A,2024-09-01,Finance,Teacher,"[7348.0, 13958.29, 8750.72, 4124.6, 3735.23, 5968.52, 16492.92, 4371.44, 17531.31, 12818.43, 5198.59, 15294.91]",48288.07,Rent
CUST000334,2009,423188.01,Salary,Company D,2022-04-26,IT,Salesperson,"[6353.83, 15621.08, 5733.64, 17569.44, 9991.93, 5082.66, 15922.97, 7947.93, 8821.61, 11508.88, 15493.49, 15474.68]",6062.8,Freelancing
CUST000335,2019,175176.97,Investment,,,Finance,Manager,[],0,Freelancing
CUST000336,2015,207633.38,Salary,Company C,2024-08-06,Healthcare,Manager,"[14748.3, 4151.75, 11794.77, 19177.96, 5631.43, 3673.82, 7920.84, 11086.29, 14523.34, 16598.32, 13090.48, 12812.91]",3084.93,Rent
CUST000337,2025,119879.45,Business,,,Education,Manager,[],0,None
CUST000338,2015,123806.9,Business,,,Retail,Clerk,[],0,None
CUST000339,2021,373369.39,Investment,,,Healthcare,Teacher,[],0,Dividends
CUST000340,2003,437726.48,Business,,,Retail,Salesperson,[],0,Dividends
CUST000341,2025,116588.72,Salary,Company D,2005-12-02,IT,Engineer,"[5993.44, 5183.25, 11224.53, 4145.07, 3865.64, 8997.67, 9179.94, 15992.9, 5069.19, 19694.78, 11917.58, 9313.58]",18148.87,Freelancing
CUST000342,2013,155129.83,Investment,,,Retail,Manager,[],0,Freelancing
CUST000343,2017,453059.26,Salary,Company C,2024-08-22,IT,Teacher,"[2691.91, 6418.12, 5218.85, 9969.51, 6587.99, 13788.9, 15567.9, 11111.5, 7103.28, 15580.32, 10025.09, 15604.89]",7111.51,None
CUST000344,2023,140851.15,Salary,Company E,2019-11-20,Retail,Teacher,"[7737.0, 19773.95, 16732.63, 17798.55, 17657.25, 11956.39, 2097.01, 8948.0, 2088.31, 18088.88, 12668.32, 6318.7]",40370.39,Dividends
CUST000345,2003,332659.19,Business,,,Education,Manager,[],0,None
CUST000346,2015,484788.66,Business,,,Finance,Engineer,[],0,Dividends
CUST000347,2017,103089.57,Business,,,Education,Salesperson,[],0,Freelancing
CUST000348,2005,75438.98,Business,,,Healthcare,Teacher,[],0,Rent
CUST000349,2019,126655.47,Investment,,,Healthcare,Engineer,[],0,Rent
CUST000350,2014,185611.52,Salary,Company D,2022-02-18,Healthcare,Engineer,"[4651.8, 12198.11, 10732.26, 5578.55, 7884.46, 15310.45, 12779.12, 12338.39, 18946.6, 17766.56, 18885.2, 14115.9]",43296.77,Dividends
CUST000351,2025,185197.48,Salary,Company A,2003-07-15,Education,Manager,"[16326.73, 19697.71, 4625.85, 6016.31, 3244.36, 17702.74, 5838.49, 11810.8, 9611.71, 12198.88, 8188.1, 5753.88]",24502.56,Dividends
CUST000352,2008,356479.45,Business,,,Retail,Engineer,[],0,Rent
CUST000353,2002,245271.65,Investment,,,Healthcare,Engineer,[],0,None
CUST000354,2017,168512.14,Investment,,,IT,Salesperson,[],0,Rent
CUST000355,2024,367159.84,Business,,,Retail,Clerk,[],0,None
CUST000356,2024,264476.82,Investment,,,Finance,Clerk,[],0,Dividends
CUST000357,2017,283860.82,Business,,,IT,Manager,[],0,None
CUST000358,2018,166434.91,Investment,,,Retail,Engineer,[],0,Rent
CUST000359,2019,268623.38,Investment,,,Finance,Clerk,[],0,Rent
CUST000360,2016,246405.36,Business,,,Finance,Manager,[],0,Dividends
CUST000361,2024,207603.22,Salary,Company E,2015-11-29,Retail,Teacher,"[5865.83, 2020.35, 19410.42, 13014.26, 11784.56, 13340.73, 15701.69, 6501.02, 15050.16, 11752.71, 9779.18, 9957.4]",49146.82,Rent
CUST000362,2005,182614.57,Salary,Company A,2012-10-14,IT,Engineer,"[11003.73, 15717.78, 14702.09, 14760.35, 16485.08, 11521.43, 13662.4, 17490.07, 19539.02, 12008.27, 11065.06, 15654.55]",6827.5,None
CUST000363,2015,320933.61,Investment,,,Retail,Manager,[],0,Freelancing
CUST000364,2025,230647.73,Investment,,,Finance,Engineer,[],0,Dividends
CUST000365,2006,266518.08,Business,,,IT,Manager,[],0,Freelancing
CUST000366,2017,367997.12,Business,,,Retail,Salesperson,[],0,Dividends
CUST000367,2023,428699.81,Business,,,Healthcare,Engineer,[],0,Dividends
CUST000368,2000,88566.47,Investment,,,Finance,Teacher,[],0,Freelancing
CUST000369,2022,308935.45,Salary,Company C,2012-12-08,Healthcare,Clerk,"[7760.01, 6239.64, 5348.19, 18642.64, 10271.44, 15272.7, 3525.26, 2254.08, 9581.39, 18230.25, 6396.19, 13191.08]",10727.04,None
CUST000370,2015,266354.61,Business,,,Healthcare,Salesperson,[],0,Dividends
CUST000371,2013,215010.84,Investment,,,Retail,Salesperson,[],0,Freelancing
CUST000372,2025,438735.77,Salary,Company A,2014-07-09,Education,Clerk,"[13678.2, 12288.67, 10035.54, 18499.57, 6676.06, 16901.68, 19976.91, 17455.17, 3744.64, 13000.96, 12685.81, 2765.23]",16222.34,None
CUST000373,2009,469034.94,Investment,,,Healthcare,Manager,[],0,Dividends
CUST000374,2012,291342.94,Business,,,Finance,Teacher,[],0,Dividends
CUST000375,2022,421009.12,Salary,Company D,2017-03-20,Education,Manager,"[18634.45, 5762.84, 13664.85, 13951.81, 2326.03, 13873.32, 6724.2, 11109.68, 9020.23, 6008.66, 10941.0, 2457.05]",12095.47,Freelancing
CUST000376,2008,491569.4,Business,,,Healthcare,Salesperson,[],0,None
CUST000377,2007,135880.26,Business,,,Retail,Teacher,[],0,Dividends
CUST000378,2000,331898.15,Business,,,Finance,Teacher,[],0,Dividends
CUST000379,2010,346503.62,Investment,,,Retail,Manager,[],0,Rent
CUST000380,2003,264751.84,Business,,,IT,Manager,[],0,Dividends
CUST000381,2000,65667.22,Investment,,,Education,Salesperson,[],0,None
CUST000382,2019,204364.0,Salary,Company E,2012-07-30,Healthcare,Salesperson,"[2224.09, 7055.57, 5089.31, 16830.68, 11964.55, 6962.45, 5337.96, 11261.83, 15182.6, 10082.42, 8217.08, 4031.29]",28803.88,Rent
CUST000383,2002,271192.59,Investment,,,Healthcare,Salesperson,[],0,Freelancing
CUST000384,2025,39996.92,Investment,,,IT,Manager,[],0,Dividends
CUST000385,2025,465875.75,Salary,Company C,2001-02-03,Healthcare,Manager,"[10654.19, 4668.02, 14903.95, 17977.73, 3745.77, 14231.48, 13393.09, 18333.45, 7038.11, 2487.31, 3030.73, 5772.17]",3829.22,Dividends
CUST000386,2000,469935.11,Salary,Company E,2014-11-19,Healthcare,Clerk,"[14822.61, 10406.81, 9151.17, 15096.79, 2639.82, 5132.63, 4684.17, 4501.41, 5204.7, 19330.77, 17421.31, 2019.0]",48703.14,Rent
CUST000387,2005,453582.02,Investment,,,Finance,Manager,[],0,None
CUST000388,2006,424355.57,Business,,,Finance,Manager,[],0,Rent
CUST000389,2019,285016.91,Business,,,IT,Manager,[],0,Dividends
CUST000390,2021,391771.02,Salary,Company E,2003-11-17,Education,Manager,"[12415.78, 11003.58, 3244.17, 16601.97, 9436.97, 13256.85, 12910.88, 9538.52, 14572.9, 6719.34, 14799.72, 8101.87]",29746.78,Rent
CUST000391,2023,468445.3,Salary,Company C,2020-11-06,Retail,Manager,"[8542.08, 13268.06, 14926.76, 5323.14, 7671.62, 9478.41, 14209.06, 4721.25, 10366.75, 6359.85, 18657.84, 4717.82]",48700.74,Freelancing
CUST000392,2022,425510.5,Salary,Company E,2005-12-05,Finance,Salesperson,"[5268.44, 11239.12, 17106.98, 11242.49, 13220.47, 8152.5, 3860.86, 18574.58, 10839.17, 8861.65, 9324.21, 10027.05]",4969.53,None
CUST000393,2012,52564.02,Salary,Company E,2012-05-06,Finance,Salesperson,"[5816.64, 13731.61, 19968.3, 10939.12, 5007.98, 11056.88, 17988.94, 12271.82, 7487.35, 16838.34, 5420.26, 3664.2]",24497.71,Freelancing
CUST000394,2002,257551.95,Salary,Company C,2022-07-09,Healthcare,Engineer,"[4463.48, 18219.8, 3455.73, 14579.73, 6325.84, 8037.0, 13247.46, 4858.77, 13357.15, 16096.02, 4758.93, 2232.82]",21300.96,Freelancing
CUST000395,2021,488315.12,Investment,,,Retail,Manager,[],0,None
CUST000396,2023,394203.64,Salary,Company E,2014-05-18,Education,Teacher,"[19309.59, 10839.29, 16481.4, 19017.53, 2434.69, 13565.63, 14238.46, 18094.37, 18969.25, 12227.38, 8444.35, 13068.44]",8995.78,Freelancing
CUST000397,2014,426880.9,Business,,,Healthcare,Manager,[],0,Freelancing
CUST000398,2025,480614.53,Business,,,Retail,Teacher,[],0,Rent
CUST000399,2016,287801.31,Business,,,Retail,Clerk,[],0,Dividends
CUST000400,2008,223145.75,Investment,,,Healthcare,Manager,[],0,None
CUST000401,2019,217866.43,Investment,,,Education,Manager,[],0,None
CUST000402,2004,396884.02,Salary,Company C,2022-09-11,Finance,Manager,"[5953.18, 5022.25, 17820.09, 10812.7, 7306.54, 2783.27, 11527.0, 5440.83, 2030.98, 2734.86, 17194.15, 8706.81]",20013.4,Rent
CUST000403,2006,265498.31,Salary,Company D,2024-12-03,Finance,Clerk,"[13492.62, 15444.44, 5248.46, 9042.79, 11364.55, 4415.03, 11335.57, 9012.01, 10876.95, 8878.99, 14845.44, 9677.19]",49877.72,Rent
CUST000404,2016,77904.98,Investment,,,Finance,Manager,[],0,None
CUST000405,2000,434568.22,Investment,,,Healthcare,Engineer,[],0,Dividends
CUST000406,2010,152857.38,Investment,,,Finance,Salesperson,[],0,Dividends
CUST000407,2001,290721.17,Salary,Company B,2001-12-16,Retail,Salesperson,"[5158.82, 16952.54, 19044.5, 10037.18, 2696.82, 2853.86, 13975.88, 16635.92, 11418.32, 3143.77, 17430.19, 19816.33]",1719.5,None
CUST000408,2018,340064.27,Salary,Company C,2010-01-11,Finance,Engineer,"[4107.18, 6907.19, 2411.21, 15799.36, 2548.13, 10140.89, 17934.22, 12535.19, 15575.64, 3873.68, 15667.91, 19854.16]",28461.63,Freelancing
CUST000409,2006,461633.32,Business,,,IT,Salesperson,[],0,Freelancing
CUST000410,2018,129621.59,Business,,,IT,Teacher,[],0,Rent
CUST000411,2016,258167.14,Business,,,Education,Manager,[],0,Freelancing
CUST000412,2005,63829.38,Salary,Company E,2006-04-16,IT,Clerk,"[5503.84, 18609.42, 10205.48, 12896.71, 11519.37, 4221.64, 15100.49, 6789.5, 16373.73, 6013.65, 17045.0, 11705.17]",45960.03,Freelancing
CUST000413,2012,455336.44,Salary,Company B,2002-05-27,IT,Salesperson,"[12488.41, 18384.29, 5655.56, 7917.25, 8326.69, 14138.25, 5805.02, 16715.23, 11257.52, 19428.96, 10985.92, 5393.36]",9932.19,None
CUST000414,2013,243938.96,Business,,,Education,Engineer,[],0,Freelancing
CUST000415,2006,323462.1,Salary,Company D,2003-05-18,Retail,Engineer,"[6626.58, 4886.74, 7334.02, 6707.8, 5420.28, 16156.04, 6555.78, 14027.86, 4352.25, 17767.13, 15771.43, 11813.73]",15559.25,Dividends
CUST000416,2002,224557.6,Business,,,Retail,Teacher,[],0,None
CUST000417,2002,489720.59,Investment,,,Education,Clerk,[],0,None
CUST000418,2002,80808.38,Salary,Company B,2010-11-11,Healthcare,Clerk,"[5319.16, 18216.34, 8267.63, 3127.36, 9838.85, 16689.52, 9801.2, 14031.6, 2465.4, 15757.34, 3016.33, 17915.16]",12069.51,Rent
CUST000419,2020,360436.1,Business,,,Healthcare,Clerk,[],0,Dividends
CUST000420,2002,195484.92,Salary,Company C,2016-07-03,Finance,Engineer,"[12816.34, 17943.5, 19764.25, 15613.76, 8886.75, 6525.3, 13867.66, 5837.41, 6735.11, 7186.64, 16576.79, 13283.04]",42983.21,Rent
CUST000421,2011,329824.08,Investment,,,Retail,Clerk,[],0,None
CUST000422,2014,331129.56,Business,,,Healthcare,Clerk,[],0,Rent
CUST000423,2017,255970.11,Investment,,,Retail,Salesperson,[],0,Rent
CUST000424,2001,433031.78,Salary,Company A,2020-09-03,Education,Manager,"[7529.76, 15000.78, 12029.38, 3883.31, 4446.78, 17736.44, 5965.05, 2400.01, 3500.16, 11046.42, 11116.14, 14352.22]",42438.51,Freelancing
CUST000425,2008,193921.29,Business,,,Education,Teacher,[],0,Rent
CUST000426,2001,356946.45,Business,,,Education,Clerk,[],0,Freelancing
CUST000427,2023,227278.08,Salary,Company B,2014-01-04,Healthcare,Manager,"[19938.48, 19849.53, 10370.27, 14017.6, 14920.87, 3901.38, 17779.49, 15847.28, 2298.13, 11065.43, 13738.61, 18367.06]",15414.42,Rent
CUST000428,2020,364616.82,Salary,Company D,2003-09-13,Finance,Teacher,"[9152.85, 4340.33, 11621.07, 3330.79, 11108.81, 11021.02, 13728.04, 7526.36, 9109.48, 10037.15, 15424.51, 4589.39]",32086.99,Dividends
CUST000429,2017,33890.45,Investment,,,Education,Teacher,[],0,Freelancing
CUST000430,2020,381041.4,Business,,,IT,Engineer,[],0,Freelancing
CUST000431,2015,190113.77,Salary,Company E,2013-12-19,Retail,Engineer,"[16413.43, 13417.04, 4331.51, 9293.14, 12306.15, 9945.15, 11130.37, 18473.93, 7273.4, 5682.94, 12380.39, 18403.7]",4972.23,Rent
CUST000432,2013,136814.49,Investment,,,Education,Salesperson,[],0,Freelancing
CUST000433,2014,253518.55,Investment,,,Education,Salesperson,[],0,None
CUST000434,2023,286849.87,Investment,,,Education,Teacher,[],0,Freelancing
CUST000435,2016,140633.51,Salary,Company A,2001-12-25,Finance,Teacher,"[6037.27, 4330.09, 12802.39, 10204.83, 10210.88, 17601.05, 16413.01, 9611.61, 13334.02, 12671.85, 19948.19, 6389.79]",41228.99,Dividends
CUST000436,2019,94252.24,Business,,,Education,Engineer,[],0,Rent
CUST000437,2024,36021.52,Investment,,,Finance,Engineer,[],0,None
CUST000438,2016,85814.56,Business,,,Education,Manager,[],0,Rent
CUST000439,2020,326987.69,Business,,,Retail,Engineer,[],0,Rent
CUST000440,2000,409013.01,Business,,,Retail,Engineer,[],0,None
CUST000441,2003,296888.12,Business,,,Education,Manager,[],0,Freelancing
CUST000442,2009,35227.36,Business,,,Finance,Clerk,[],0,Dividends
CUST000443,2017,151634.06,Salary,Company D,2015-02-08,Education,Clerk,"[2065.64, 7744.78, 8628.59, 14552.84, 15133.69, 13191.3, 18407.96, 17095.05, 2015.89, 16663.29, 9132.68, 14844.36]",42936.73,Freelancing
CUST000444,2024,36180.62,Investment,,,IT,Salesperson,[],0,Rent
CUST000445,2017,372923.43,Salary,Company A,2008-11-08,IT,Teacher,"[12720.34, 11431.65, 18036.8, 14095.96, 10991.17, 17601.21, 15956.26, 11507.05, 6313.59, 18524.04, 16796.28, 13059.61]",6228.42,None
CUST000446,2011,324507.37,Investment,,,Finance,Clerk,[],0,Rent
CUST000447,2017,177628.74,Salary,Company C,2001-03-25,Education,Engineer,"[9632.11, 9208.88, 16941.67, 17706.51, 10196.03, 11973.72, 12525.3, 3120.2, 8260.7, 9788.3, 8869.41, 8284.73]",48227.62,Freelancing
CUST000448,2019,489266.12,Salary,Company C,2013-09-11,Retail,Salesperson,"[7307.03, 19484.66, 12045.34, 19095.49, 12688.69, 8825.1, 6286.85, 18862.29, 3452.86, 4251.52, 18777.99, 4439.06]",3947.98,Freelancing
CUST000449,2018,154548.94,Investment,,,Retail,Manager,[],0,Rent
CUST000450,2011,462804.38,Salary,Company E,2006-12-22,Finance,Clerk,"[9176.28, 4853.8, 15597.83, 16566.39, 8614.58, 15320.21, 11281.61, 16505.97, 17248.29, 14427.32, 8770.9, 7786.77]",33888.7,Freelancing
CUST000451,2021,496780.3,Investment,,,Education,Manager,[],0,Rent
CUST000452,2007,287013.93,Salary,Company C,2000-02-09,Healthcare,Salesperson,"[10933.76, 7218.95, 15030.63, 14229.2, 17407.42, 11468.21, 7046.9, 5418.75, 14298.3, 12352.27, 14337.24, 12361.81]",11688.89,Rent
CUST000453,2023,138391.19,Business,,,Education,Manager,[],0,Freelancing
CUST000454,2020,339003.71,Business,,,IT,Salesperson,[],0,Freelancing
CUST000455,2004,167792.57,Business,,,Finance,Engineer,[],0,Rent
CUST000456,2015,180352.67,Business,,,Retail,Teacher,[],0,Rent
CUST000457,2018,310382.3,Business,,,Retail,Teacher,[],0,None
CUST000458,2021,359746.24,Investment,,,IT,Engineer,[],0,Freelancing
CUST000459,2007,417657.55,Salary,Company B,2021-02-12,IT,Salesperson,"[17645.86, 16213.47, 15089.99, 11303.85, 12993.89, 14515.81, 18556.36, 18476.58, 17694.21, 15790.58, 13006.8, 16727.59]",35501.27,Rent
CUST000460,2024,385540.26,Investment,,,Retail,Clerk,[],0,Rent
CUST000461,2024,447472.55,Investment,,,Healthcare,Manager,[],0,Dividends
CUST000462,2000,32425.83,Business,,,Finance,Salesperson,[],0,Rent
CUST000463,2025,410769.99,Business,,,Finance,Manager,[],0,Freelancing
CUST000464,2005,61807.05,Salary,Company A,2024-05-25,IT,Manager,"[10092.19, 18227.31, 7968.51, 4124.23, 5804.27, 5055.14, 14009.9, 9881.42, 15454.79, 6809.98, 13675.55, 11773.22]",35135.13,Dividends
CUST000465,2017,411929.31,Investment,,,Retail,Teacher,[],0,None
CUST000466,2007,383333.98,Business,,,Retail,Engineer,[],0,Dividends
CUST000467,2015,56199.17,Investment,,,Healthcare,Salesperson,[],0,Freelancing
CUST000468,2006,76666.65,Salary,Company B,2001-12-31,Education,Manager,"[2723.63, 19818.64, 18671.39, 15050.01, 3163.01, 8616.17, 7355.55, 4822.4, 2012.03, 12621.89, 11081.5, 16267.31]",20678.42,Rent
CUST000469,2024,60626.44,Salary,Company B,2008-05-03,IT,Teacher,"[9268.8, 16360.26, 9758.2, 10466.66, 17046.43, 17115.0, 3668.34, 18837.89, 14909.08, 6169.49, 16100.13, 6819.41]",49758.43,Rent
CUST000470,2006,202042.08,Salary,Company D,2007-09-21,Finance,Teacher,"[4007.18, 4670.37, 2622.07, 12767.08, 9043.6, 13434.4, 11912.83, 14119.31, 9899.4, 4265.58, 18942.37, 3632.34]",46388.49,Rent
CUST000471,2023,265613.92,Investment,,,Retail,Engineer,[],0,Dividends
CUST000472,2004,372530.11,Investment,,,Retail,Engineer,[],0,None
CUST000473,2015,141083.52,Investment,,,Healthcare,Engineer,[],0,None
CUST000474,2015,311501.08,Business,,,Healthcare,Salesperson,[],0,Rent
CUST000475,2011,31552.91,Salary,Company B,2024-12-14,IT,Clerk,"[6143.12, 13252.4, 10413.71, 11223.11, 15074.05, 11602.74, 2112.65, 6424.2, 12631.27, 12526.24, 6357.32, 9675.54]",26743.05,Freelancing
CUST000476,2003,77765.08,Investment,,,Retail,Salesperson,[],0,Freelancing
CUST000477,2012,73417.53,Business,,,Education,Clerk,[],0,Rent
CUST000478,2003,402867.64,Business,,,Finance,Engineer,[],0,Dividends
CUST000479,2019,284567.08,Salary,Company A,2000-06-01,Retail,Teacher,"[19084.6, 17584.69, 6704.48, 5792.9, 12608.65, 4317.54, 2887.65, 14230.35, 3292.45, 12471.48, 16370.5, 16769.94]",45915.03,Rent
CUST000480,2003,165324.82,Salary,Company B,2006-02-14,IT,Engineer,"[14926.22, 12121.4, 19806.78, 7339.83, 4661.28, 10878.61, 17015.54, 2672.67, 3247.04, 17416.26, 18403.9, 14981.89]",46418.99,Dividends
CUST000481,2008,112397.06,Salary,Company B,2002-05-23,Education,Clerk,"[19510.14, 14575.03, 16407.13, 18863.87, 7777.52, 19459.16, 4647.4, 8171.33, 5508.37, 14120.59, 7112.08, 14049.47]",37910.52,Freelancing
CUST000482,2003,494125.75,Investment,,,Education,Teacher,[],0,None
CUST000483,2002,211078.75,Salary,Company C,2005-01-06,Healthcare,Salesperson,"[4949.25, 8742.02, 4847.56, 2291.48, 16109.48, 13910.95, 6030.02, 10836.28, 8494.05, 17456.55, 18699.26, 17669.92]",28931.96,Dividends
CUST000484,2007,321187.52,Business,,,Finance,Manager,[],0,Dividends
CUST000485,2024,52764.99,Investment,,,Finance,Teacher,[],0,Freelancing
CUST000486,2003,160667.9,Business,,,Healthcare,Manager,[],0,Dividends
CUST000487,2023,280485.86,Business,,,IT,Teacher,[],0,Dividends
CUST000488,2025,262571.81,Salary,Company B,2015-10-25,IT,Clerk,"[17062.89, 12493.91, 9759.43, 17215.17, 8345.52, 6221.37, 11950.38, 13373.84, 3366.71, 4344.38, 6593.22, 5481.22]",42026.32,Freelancing
CUST000489,2000,40733.5,Salary,Company C,2004-09-30,Healthcare,Teacher,"[18025.68, 16155.16, 18936.96, 2730.62, 11657.48, 4316.57, 5218.64, 4448.34, 6909.88, 5041.16, 2433.09, 11785.49]",31182.33,None
CUST000490,2002,426585.59,Business,,,Retail,Teacher,[],0,Dividends
CUST000491,2008,199476.44,Salary,Company D,2005-02-18,Finance,Teacher,"[15004.11, 16349.49, 9218.02, 17853.98, 11698.57, 8048.29, 10832.93, 11868.44, 12304.04, 4087.56, 7072.13, 11212.5]",9745.56,Dividends
CUST000492,2011,53587.56,Investment,,,Healthcare,Engineer,[],0,None
CUST000493,2008,53800.44,Salary,Company A,2016-12-18,Retail,Teacher,"[4210.58, 17004.06, 5451.37, 15205.12, 3354.16, 11436.2, 16749.0, 10520.79, 10638.52, 9961.03, 4522.22, 10179.3]",6700.73,None
CUST000494,2018,188764.72,Investment,,,Retail,Salesperson,[],0,None
CUST000495,2003,188251.93,Business,,,Finance,Salesperson,[],0,Dividends
CUST000496,2010,156965.84,Salary,Company A,2002-06-21,Healthcare,Salesperson,"[3434.16, 6708.07, 11523.67, 7863.64, 16434.33, 11570.26, 5119.47, 3715.13, 12747.71, 4751.35, 16484.04, 3468.25]",34539.29,Freelancing
CUST000497,2007,340487.43,Salary,Company E,2015-07-03,Education,Engineer,"[18152.78, 4751.48, 15157.36, 15809.77, 11041.34, 14413.5, 17192.94, 2559.82, 10510.48, 11098.68, 3436.66, 14736.06]",44513.17,Rent
CUST000498,2025,41776.08,Investment,,,IT,Engineer,[],0,Rent
CUST000499,2018,463915.4,Salary,Company B,2021-12-22,Finance,Manager,"[12080.56, 9552.31, 11401.96, 18564.03, 14666.87, 18843.31, 18982.89, 19257.98, 2302.43, 13511.65, 16833.04, 2581.8]",14997.03,None
CUST000500,2024,93534.26,Business,,,Education,Engineer,[],0,Dividends
